id,popularity
30001,2
30002,3
30003,2
30004,4
30005,1
30006,5
30007,3
30008,4
30009,5
30010,1
30011,3
30012,3
30013,5
30014,3
30015,1
30016,1
30017,5
30018,3
30019,4
30020,5
30021,5
30022,5
30023,1
30024,2
30025,4
30026,4
30027,4
30028,3
30029,4
30030,3
30031,3
30032,4
30033,4
30034,1
30035,2
30036,3
30037,4
30038,4
30039,3
30040,2
30041,1
30042,5
30043,5
30044,1
30045,3
30046,4
30047,1
30048,1
30049,2
30050,1
30051,4
30052,4
30053,1
30054,1
30055,5
30056,1
30057,1
30058,2
30059,3
30060,4
30061,5
30062,3
30063,1
30064,1
30065,1
30066,3
30067,2
30068,5
30069,1
30070,5
30071,5
30072,4
30073,4
30074,2
30075,1
30076,2
30077,2
30078,1
30079,2
30080,5
30081,1
30082,2
30083,5
30084,3
30085,5
30086,4
30087,2
30088,1
30089,3
30090,2
30091,3
30092,5
30093,2
30094,1
30095,2
30096,4
30097,1
30098,1
30099,2
30100,4
30101,3
30102,4
30103,2
30104,5
30105,2
30106,1
30107,4
30108,3
30109,2
30110,2
30111,1
30112,1
30113,5
30114,1
30115,2
30116,3
30117,3
30118,2
30119,2
30120,4
30121,5
30122,2
30123,1
30124,5
30125,1
30126,2
30127,4
30128,5
30129,1
30130,1
30131,2
30132,4
30133,4
30134,1
30135,2
30136,5
30137,5
30138,4
30139,2
30140,2
30141,5
30142,4
30143,1
30144,2
30145,3
30146,1
30147,4
30148,1
30149,2
30150,4
30151,4
30152,3
30153,2
30154,3
30155,4
30156,1
30157,3
30158,2
30159,2
30160,1
30161,2
30162,1
30163,5
30164,1
30165,4
30166,5
30167,3
30168,1
30169,2
30170,3
30171,3
30172,5
30173,3
30174,2
30175,2
30176,3
30177,2
30178,5
30179,3
30180,4
30181,3
30182,2
30183,5
30184,2
30185,4
30186,2
30187,2
30188,5
30189,5
30190,1
30191,4
30192,3
30193,5
30194,1
30195,4
30196,4
30197,1
30198,3
30199,3
30200,4
30201,3
30202,1
30203,4
30204,1
30205,5
30206,4
30207,2
30208,5
30209,3
30210,3
30211,5
30212,5
30213,3
30214,5
30215,4
30216,1
30217,2
30218,4
30219,4
30220,2
30221,4
30222,1
30223,3
30224,3
30225,3
30226,3
30227,2
30228,3
30229,5
30230,3
30231,3
30232,1
30233,3
30234,4
30235,1
30236,2
30237,1
30238,5
30239,3
30240,4
30241,2
30242,4
30243,2
30244,5
30245,3
30246,5
30247,2
30248,5
30249,3
30250,5
30251,1
30252,1
30253,2
30254,1
30255,5
30256,2
30257,5
30258,5
30259,1
30260,2
30261,4
30262,2
30263,3
30264,5
30265,4
30266,2
30267,2
30268,3
30269,1
30270,2
30271,2
30272,1
30273,2
30274,2
30275,1
30276,3
30277,4
30278,4
30279,1
30280,4
30281,4
30282,2
30283,4
30284,2
30285,5
30286,5
30287,3
30288,2
30289,3
30290,4
30291,2
30292,4
30293,5
30294,2
30295,5
30296,5
30297,1
30298,3
30299,5
30300,5
30301,2
30302,4
30303,4
30304,4
30305,2
30306,2
30307,1
30308,4
30309,4
30310,4
30311,1
30312,3
30313,5
30314,1
30315,4
30316,5
30317,2
30318,1
30319,3
30320,3
30321,3
30322,2
30323,1
30324,1
30325,2
30326,5
30327,4
30328,1
30329,1
30330,4
30331,3
30332,1
30333,1
30334,3
30335,4
30336,5
30337,4
30338,4
30339,5
30340,1
30341,2
30342,4
30343,1
30344,5
30345,5
30346,3
30347,4
30348,4
30349,2
30350,4
30351,4
30352,3
30353,2
30354,1
30355,5
30356,2
30357,1
30358,1
30359,1
30360,1
30361,2
30362,5
30363,4
30364,1
30365,1
30366,1
30367,1
30368,2
30369,4
30370,5
30371,5
30372,2
30373,5
30374,3
30375,1
30376,4
30377,1
30378,5
30379,4
30380,3
30381,3
30382,1
30383,3
30384,1
30385,3
30386,1
30387,5
30388,4
30389,2
30390,1
30391,5
30392,5
30393,2
30394,3
30395,5
30396,3
30397,4
30398,5
30399,2
30400,5
30401,2
30402,5
30403,2
30404,2
30405,3
30406,1
30407,2
30408,4
30409,2
30410,3
30411,1
30412,5
30413,2
30414,4
30415,5
30416,2
30417,4
30418,3
30419,5
30420,3
30421,2
30422,1
30423,5
30424,1
30425,5
30426,2
30427,5
30428,4
30429,1
30430,2
30431,2
30432,3
30433,1
30434,3
30435,3
30436,1
30437,1
30438,5
30439,1
30440,4
30441,3
30442,2
30443,2
30444,3
30445,3
30446,4
30447,4
30448,4
30449,1
30450,5
30451,1
30452,5
30453,4
30454,4
30455,2
30456,2
30457,5
30458,3
30459,1
30460,3
30461,5
30462,2
30463,2
30464,2
30465,5
30466,5
30467,3
30468,5
30469,4
30470,1
30471,2
30472,3
30473,5
30474,1
30475,4
30476,3
30477,1
30478,3
30479,2
30480,2
30481,4
30482,1
30483,2
30484,1
30485,4
30486,5
30487,4
30488,5
30489,5
30490,1
30491,5
30492,4
30493,2
30494,1
30495,3
30496,2
30497,1
30498,1
30499,4
30500,3
30501,5
30502,5
30503,5
30504,2
30505,2
30506,4
30507,1
30508,3
30509,4
30510,1
30511,2
30512,5
30513,3
30514,5
30515,5
30516,4
30517,2
30518,1
30519,3
30520,1
30521,5
30522,4
30523,2
30524,1
30525,1
30526,4
30527,1
30528,3
30529,1
30530,5
30531,1
30532,5
30533,5
30534,3
30535,2
30536,3
30537,3
30538,2
30539,5
30540,2
30541,4
30542,1
30543,2
30544,2
30545,2
30546,2
30547,3
30548,2
30549,5
30550,3
30551,2
30552,3
30553,3
30554,4
30555,1
30556,2
30557,4
30558,4
30559,4
30560,3
30561,3
30562,3
30563,4
30564,2
30565,2
30566,5
30567,2
30568,5
30569,2
30570,5
30571,3
30572,1
30573,2
30574,2
30575,2
30576,5
30577,5
30578,2
30579,1
30580,1
30581,3
30582,2
30583,4
30584,1
30585,3
30586,4
30587,5
30588,4
30589,3
30590,2
30591,3
30592,5
30593,2
30594,1
30595,2
30596,3
30597,3
30598,5
30599,1
30600,2
30601,3
30602,4
30603,1
30604,4
30605,2
30606,2
30607,3
30608,3
30609,4
30610,2
30611,4
30612,3
30613,1
30614,3
30615,1
30616,4
30617,4
30618,3
30619,5
30620,1
30621,2
30622,5
30623,3
30624,2
30625,1
30626,4
30627,3
30628,1
30629,1
30630,1
30631,2
30632,5
30633,1
30634,2
30635,4
30636,5
30637,3
30638,1
30639,5
30640,5
30641,2
30642,4
30643,4
30644,1
30645,1
30646,4
30647,5
30648,3
30649,4
30650,1
30651,3
30652,2
30653,1
30654,1
30655,3
30656,1
30657,2
30658,3
30659,3
30660,2
30661,3
30662,3
30663,3
30664,3
30665,1
30666,2
30667,4
30668,5
30669,3
30670,2
30671,4
30672,5
30673,3
30674,5
30675,2
30676,3
30677,2
30678,2
30679,2
30680,4
30681,5
30682,2
30683,4
30684,2
30685,1
30686,5
30687,1
30688,2
30689,2
30690,1
30691,3
30692,5
30693,3
30694,3
30695,5
30696,2
30697,1
30698,2
30699,5
30700,2
30701,2
30702,3
30703,1
30704,2
30705,3
30706,5
30707,1
30708,2
30709,2
30710,3
30711,5
30712,1
30713,2
30714,5
30715,2
30716,3
30717,3
30718,5
30719,4
30720,1
30721,5
30722,5
30723,5
30724,5
30725,2
30726,4
30727,2
30728,4
30729,2
30730,5
30731,3
30732,4
30733,1
30734,5
30735,2
30736,3
30737,3
30738,3
30739,3
30740,1
30741,4
30742,2
30743,3
30744,4
30745,4
30746,1
30747,4
30748,3
30749,3
30750,1
30751,5
30752,3
30753,1
30754,1
30755,2
30756,1
30757,3
30758,4
30759,3
30760,5
30761,5
30762,1
30763,4
30764,4
30765,3
30766,5
30767,2
30768,4
30769,5
30770,3
30771,2
30772,2
30773,3
30774,3
30775,3
30776,2
30777,5
30778,3
30779,5
30780,2
30781,3
30782,1
30783,2
30784,2
30785,2
30786,3
30787,3
30788,2
30789,1
30790,5
30791,5
30792,3
30793,5
30794,3
30795,5
30796,5
30797,4
30798,3
30799,5
30800,1
30801,1
30802,1
30803,1
30804,4
30805,3
30806,5
30807,2
30808,2
30809,4
30810,1
30811,3
30812,4
30813,2
30814,5
30815,3
30816,1
30817,4
30818,2
30819,5
30820,1
30821,1
30822,2
30823,4
30824,3
30825,5
30826,5
30827,2
30828,5
30829,4
30830,4
30831,4
30832,4
30833,4
30834,2
30835,1
30836,1
30837,2
30838,2
30839,5
30840,3
30841,4
30842,2
30843,1
30844,5
30845,2
30846,3
30847,2
30848,5
30849,4
30850,3
30851,5
30852,1
30853,4
30854,3
30855,3
30856,2
30857,3
30858,3
30859,4
30860,4
30861,1
30862,4
30863,4
30864,2
30865,5
30866,1
30867,5
30868,3
30869,2
30870,2
30871,3
30872,5
30873,2
30874,4
30875,1
30876,1
30877,1
30878,5
30879,5
30880,4
30881,4
30882,1
30883,2
30884,5
30885,2
30886,4
30887,1
30888,3
30889,3
30890,5
30891,3
30892,3
30893,1
30894,2
30895,2
30896,2
30897,4
30898,2
30899,3
30900,4
30901,1
30902,5
30903,4
30904,3
30905,3
30906,5
30907,3
30908,5
30909,4
30910,1
30911,4
30912,2
30913,5
30914,1
30915,2
30916,4
30917,2
30918,5
30919,2
30920,1
30921,1
30922,1
30923,2
30924,1
30925,4
30926,3
30927,4
30928,4
30929,4
30930,4
30931,1
30932,1
30933,3
30934,3
30935,5
30936,2
30937,4
30938,5
30939,4
30940,2
30941,1
30942,3
30943,1
30944,1
30945,4
30946,1
30947,4
30948,2
30949,2
30950,2
30951,4
30952,3
30953,5
30954,4
30955,1
30956,1
30957,4
30958,3
30959,5
30960,5
30961,2
30962,3
30963,2
30964,4
30965,1
30966,1
30967,1
30968,5
30969,3
30970,1
30971,5
30972,4
30973,2
30974,1
30975,1
30976,3
30977,1
30978,4
30979,4
30980,2
30981,3
30982,2
30983,3
30984,3
30985,4
30986,5
30987,3
30988,1
30989,4
30990,4
30991,4
30992,1
30993,5
30994,1
30995,3
30996,3
30997,2
30998,1
30999,1
31000,3
31001,2
31002,4
31003,1
31004,3
31005,4
31006,3
31007,5
31008,3
31009,1
31010,4
31011,2
31012,5
31013,2
31014,4
31015,1
31016,1
31017,1
31018,3
31019,1
31020,2
31021,1
31022,3
31023,3
31024,2
31025,4
31026,2
31027,3
31028,4
31029,5
31030,1
31031,1
31032,2
31033,1
31034,1
31035,1
31036,2
31037,4
31038,4
31039,3
31040,5
31041,3
31042,2
31043,2
31044,4
31045,5
31046,2
31047,1
31048,1
31049,3
31050,5
31051,3
31052,2
31053,5
31054,1
31055,3
31056,4
31057,5
31058,3
31059,1
31060,1
31061,1
31062,5
31063,5
31064,3
31065,2
31066,5
31067,5
31068,5
31069,1
31070,4
31071,4
31072,4
31073,2
31074,3
31075,4
31076,4
31077,4
31078,3
31079,4
31080,2
31081,1
31082,1
31083,2
31084,1
31085,5
31086,5
31087,1
31088,2
31089,3
31090,2
31091,1
31092,5
31093,5
31094,5
31095,5
31096,4
31097,5
31098,2
31099,3
31100,2
31101,4
31102,5
31103,2
31104,2
31105,4
31106,4
31107,2
31108,1
31109,1
31110,2
31111,3
31112,1
31113,1
31114,3
31115,4
31116,3
31117,5
31118,1
31119,3
31120,5
31121,1
31122,1
31123,4
31124,5
31125,4
31126,5
31127,3
31128,3
31129,3
31130,3
31131,4
31132,4
31133,2
31134,1
31135,1
31136,1
31137,2
31138,4
31139,3
31140,4
31141,1
31142,4
31143,1
31144,3
31145,5
31146,3
31147,3
31148,1
31149,4
31150,5
31151,4
31152,2
31153,5
31154,1
31155,2
31156,5
31157,2
31158,3
31159,2
31160,5
31161,5
31162,4
31163,3
31164,5
31165,5
31166,5
31167,4
31168,3
31169,1
31170,3
31171,2
31172,2
31173,1
31174,1
31175,3
31176,1
31177,1
31178,2
31179,1
31180,3
31181,4
31182,3
31183,3
31184,1
31185,3
31186,3
31187,5
31188,1
31189,3
31190,1
31191,2
31192,2
31193,4
31194,4
31195,1
31196,3
31197,4
31198,3
31199,2
31200,1
31201,1
31202,4
31203,5
31204,1
31205,1
31206,1
31207,3
31208,5
31209,3
31210,4
31211,3
31212,5
31213,4
31214,5
31215,4
31216,2
31217,1
31218,2
31219,4
31220,1
31221,5
31222,5
31223,3
31224,2
31225,5
31226,4
31227,2
31228,5
31229,3
31230,3
31231,5
31232,3
31233,1
31234,1
31235,1
31236,5
31237,1
31238,2
31239,4
31240,5
31241,2
31242,4
31243,5
31244,3
31245,3
31246,2
31247,4
31248,1
31249,1
31250,2
31251,3
31252,4
31253,3
31254,4
31255,1
31256,1
31257,1
31258,4
31259,1
31260,1
31261,4
31262,5
31263,2
31264,5
31265,5
31266,4
31267,1
31268,2
31269,5
31270,4
31271,2
31272,3
31273,1
31274,1
31275,5
31276,1
31277,3
31278,4
31279,2
31280,1
31281,4
31282,3
31283,1
31284,5
31285,2
31286,1
31287,4
31288,4
31289,2
31290,4
31291,4
31292,3
31293,5
31294,1
31295,5
31296,4
31297,2
31298,2
31299,5
31300,5
31301,2
31302,4
31303,2
31304,4
31305,4
31306,2
31307,1
31308,4
31309,5
31310,1
31311,5
31312,3
31313,1
31314,1
31315,1
31316,4
31317,5
31318,3
31319,5
31320,1
31321,5
31322,3
31323,2
31324,2
31325,4
31326,1
31327,4
31328,3
31329,3
31330,2
31331,1
31332,4
31333,3
31334,4
31335,1
31336,4
31337,5
31338,1
31339,2
31340,4
31341,4
31342,2
31343,4
31344,2
31345,5
31346,5
31347,4
31348,3
31349,4
31350,2
31351,3
31352,4
31353,3
31354,3
31355,2
31356,4
31357,2
31358,2
31359,5
31360,2
31361,1
31362,5
31363,2
31364,1
31365,3
31366,1
31367,4
31368,5
31369,4
31370,3
31371,2
31372,5
31373,3
31374,2
31375,2
31376,2
31377,4
31378,1
31379,5
31380,3
31381,2
31382,2
31383,2
31384,1
31385,1
31386,1
31387,5
31388,2
31389,2
31390,1
31391,3
31392,2
31393,4
31394,4
31395,1
31396,5
31397,4
31398,2
31399,4
31400,1
31401,4
31402,1
31403,1
31404,1
31405,4
31406,3
31407,2
31408,5
31409,5
31410,4
31411,4
31412,1
31413,5
31414,3
31415,1
31416,1
31417,3
31418,1
31419,4
31420,5
31421,1
31422,2
31423,3
31424,1
31425,1
31426,5
31427,4
31428,5
31429,3
31430,3
31431,3
31432,4
31433,5
31434,1
31435,2
31436,2
31437,5
31438,2
31439,5
31440,2
31441,4
31442,1
31443,3
31444,3
31445,4
31446,4
31447,5
31448,1
31449,2
31450,2
31451,1
31452,3
31453,5
31454,4
31455,5
31456,4
31457,1
31458,2
31459,4
31460,1
31461,1
31462,3
31463,4
31464,1
31465,1
31466,1
31467,2
31468,3
31469,1
31470,1
31471,3
31472,1
31473,5
31474,1
31475,3
31476,4
31477,1
31478,1
31479,4
31480,5
31481,3
31482,4
31483,5
31484,3
31485,4
31486,2
31487,5
31488,4
31489,1
31490,1
31491,1
31492,1
31493,4
31494,2
31495,1
31496,4
31497,1
31498,4
31499,5
31500,2
31501,5
31502,1
31503,5
31504,4
31505,4
31506,2
31507,4
31508,4
31509,1
31510,1
31511,4
31512,5
31513,3
31514,2
31515,5
31516,4
31517,1
31518,4
31519,1
31520,4
31521,1
31522,5
31523,5
31524,3
31525,4
31526,3
31527,1
31528,2
31529,5
31530,3
31531,4
31532,4
31533,1
31534,2
31535,5
31536,2
31537,1
31538,3
31539,4
31540,4
31541,4
31542,3
31543,3
31544,4
31545,4
31546,1
31547,4
31548,5
31549,3
31550,3
31551,4
31552,1
31553,5
31554,4
31555,2
31556,1
31557,5
31558,1
31559,4
31560,2
31561,5
31562,4
31563,3
31564,5
31565,5
31566,5
31567,3
31568,1
31569,5
31570,5
31571,3
31572,3
31573,2
31574,1
31575,2
31576,1
31577,3
31578,4
31579,3
31580,2
31581,2
31582,2
31583,2
31584,2
31585,4
31586,2
31587,4
31588,5
31589,3
31590,1
31591,1
31592,1
31593,2
31594,3
31595,2
31596,1
31597,2
31598,2
31599,1
31600,4
31601,2
31602,1
31603,5
31604,1
31605,2
31606,4
31607,1
31608,2
31609,1
31610,3
31611,3
31612,3
31613,1
31614,2
31615,1
31616,3
31617,4
31618,3
31619,3
31620,5
31621,2
31622,2
31623,1
31624,4
31625,3
31626,4
31627,2
31628,1
31629,5
31630,2
31631,3
31632,5
31633,5
31634,4
31635,5
31636,1
31637,5
31638,4
31639,1
31640,5
31641,3
31642,5
31643,1
31644,3
31645,1
31646,1
31647,1
31648,4
31649,3
31650,4
31651,5
31652,4
31653,4
31654,4
31655,4
31656,3
31657,5
31658,3
31659,5
31660,4
31661,3
31662,2
31663,1
31664,2
31665,5
31666,2
31667,4
31668,5
31669,3
31670,4
31671,2
31672,5
31673,1
31674,5
31675,4
31676,1
31677,3
31678,1
31679,1
31680,5
31681,1
31682,3
31683,1
31684,3
31685,4
31686,2
31687,2
31688,1
31689,3
31690,1
31691,5
31692,4
31693,5
31694,1
31695,5
31696,3
31697,3
31698,3
31699,1
31700,5
31701,1
31702,5
31703,5
31704,5
31705,2
31706,5
31707,1
31708,2
31709,5
31710,4
31711,4
31712,2
31713,4
31714,4
31715,1
31716,5
31717,1
31718,1
31719,5
31720,4
31721,4
31722,5
31723,2
31724,1
31725,2
31726,5
31727,4
31728,5
31729,2
31730,3
31731,1
31732,4
31733,3
31734,1
31735,3
31736,2
31737,3
31738,4
31739,5
31740,3
31741,3
31742,3
31743,2
31744,2
31745,1
31746,4
31747,5
31748,3
31749,4
31750,3
31751,3
31752,3
31753,1
31754,3
31755,4
31756,3
31757,2
31758,3
31759,4
31760,5
31761,5
31762,2
31763,5
31764,1
31765,3
31766,1
31767,3
31768,5
31769,1
31770,5
31771,3
31772,4
31773,5
31774,3
31775,1
31776,5
31777,4
31778,2
31779,2
31780,3
31781,1
31782,1
31783,3
31784,5
31785,2
31786,4
31787,2
31788,3
31789,5
31790,4
31791,3
31792,5
31793,3
31794,4
31795,5
31796,2
31797,1
31798,1
31799,4
31800,5
31801,4
31802,1
31803,2
31804,3
31805,5
31806,3
31807,5
31808,1
31809,1
31810,3
31811,2
31812,1
31813,4
31814,4
31815,2
31816,4
31817,1
31818,3
31819,4
31820,3
31821,2
31822,2
31823,1
31824,4
31825,1
31826,3
31827,1
31828,3
31829,5
31830,3
31831,3
31832,1
31833,1
31834,3
31835,4
31836,5
31837,3
31838,4
31839,1
31840,3
31841,2
31842,2
31843,2
31844,1
31845,1
31846,4
31847,5
31848,4
31849,4
31850,1
31851,4
31852,4
31853,3
31854,1
31855,5
31856,2
31857,3
31858,3
31859,2
31860,2
31861,3
31862,3
31863,3
31864,5
31865,3
31866,5
31867,2
31868,4
31869,4
31870,2
31871,5
31872,3
31873,1
31874,5
31875,3
31876,1
31877,5
31878,1
31879,1
31880,5
31881,2
31882,1
31883,1
31884,5
31885,3
31886,2
31887,3
31888,2
31889,3
31890,1
31891,5
31892,4
31893,1
31894,5
31895,1
31896,4
31897,1
31898,5
31899,1
31900,1
31901,2
31902,3
31903,4
31904,4
31905,3
31906,5
31907,3
31908,3
31909,5
31910,4
31911,1
31912,1
31913,5
31914,2
31915,3
31916,4
31917,2
31918,2
31919,5
31920,4
31921,4
31922,3
31923,4
31924,1
31925,2
31926,4
31927,3
31928,4
31929,3
31930,4
31931,5
31932,1
31933,5
31934,1
31935,2
31936,1
31937,2
31938,3
31939,4
31940,4
31941,1
31942,1
31943,2
31944,2
31945,5
31946,5
31947,3
31948,1
31949,3
31950,5
31951,4
31952,1
31953,4
31954,1
31955,3
31956,3
31957,3
31958,2
31959,2
31960,4
31961,2
31962,4
31963,3
31964,1
31965,1
31966,4
31967,5
31968,4
31969,3
31970,1
31971,5
31972,1
31973,2
31974,5
31975,1
31976,5
31977,2
31978,1
31979,4
31980,1
31981,4
31982,1
31983,4
31984,1
31985,5
31986,5
31987,5
31988,3
31989,5
31990,3
31991,2
31992,5
31993,1
31994,2
31995,2
31996,3
31997,5
31998,2
31999,3
32000,1
32001,2
32002,1
32003,3
32004,4
32005,3
32006,4
32007,2
32008,3
32009,1
32010,5
32011,2
32012,4
32013,4
32014,3
32015,3
32016,2
32017,5
32018,3
32019,4
32020,4
32021,4
32022,3
32023,4
32024,5
32025,1
32026,5
32027,2
32028,5
32029,2
32030,4
32031,2
32032,2
32033,2
32034,4
32035,3
32036,1
32037,2
32038,4
32039,4
32040,1
32041,1
32042,4
32043,1
32044,4
32045,1
32046,2
32047,5
32048,1
32049,2
32050,1
32051,5
32052,3
32053,2
32054,2
32055,4
32056,5
32057,5
32058,1
32059,2
32060,1
32061,3
32062,1
32063,4
32064,5
32065,3
32066,4
32067,5
32068,5
32069,2
32070,2
32071,3
32072,1
32073,4
32074,5
32075,3
32076,2
32077,5
32078,2
32079,5
32080,2
32081,4
32082,2
32083,3
32084,4
32085,1
32086,1
32087,5
32088,2
32089,5
32090,4
32091,4
32092,4
32093,2
32094,5
32095,2
32096,2
32097,4
32098,3
32099,3
32100,5
32101,4
32102,3
32103,3
32104,4
32105,3
32106,3
32107,2
32108,4
32109,3
32110,1
32111,5
32112,2
32113,5
32114,2
32115,2
32116,2
32117,5
32118,2
32119,5
32120,4
32121,2
32122,4
32123,3
32124,5
32125,2
32126,1
32127,1
32128,2
32129,1
32130,4
32131,1
32132,3
32133,3
32134,2
32135,5
32136,2
32137,1
32138,5
32139,5
32140,5
32141,4
32142,2
32143,4
32144,1
32145,5
32146,5
32147,4
32148,4
32149,3
32150,1
32151,2
32152,4
32153,5
32154,1
32155,4
32156,3
32157,3
32158,2
32159,3
32160,5
32161,4
32162,3
32163,3
32164,1
32165,2
32166,1
32167,4
32168,3
32169,4
32170,4
32171,5
32172,3
32173,5
32174,1
32175,2
32176,5
32177,5
32178,5
32179,5
32180,1
32181,1
32182,3
32183,2
32184,5
32185,2
32186,1
32187,2
32188,5
32189,3
32190,1
32191,4
32192,4
32193,4
32194,5
32195,3
32196,2
32197,1
32198,3
32199,2
32200,4
32201,2
32202,5
32203,1
32204,1
32205,5
32206,2
32207,5
32208,2
32209,4
32210,3
32211,2
32212,1
32213,1
32214,1
32215,2
32216,5
32217,5
32218,5
32219,2
32220,1
32221,2
32222,1
32223,2
32224,3
32225,4
32226,4
32227,2
32228,5
32229,4
32230,4
32231,2
32232,3
32233,1
32234,3
32235,2
32236,4
32237,5
32238,5
32239,3
32240,3
32241,2
32242,3
32243,1
32244,4
32245,4
32246,4
32247,3
32248,5
32249,4
32250,4
32251,1
32252,5
32253,1
32254,1
32255,5
32256,1
32257,2
32258,2
32259,2
32260,5
32261,5
32262,3
32263,2
32264,2
32265,5
32266,5
32267,3
32268,2
32269,5
32270,3
32271,5
32272,3
32273,3
32274,3
32275,2
32276,2
32277,1
32278,5
32279,3
32280,3
32281,2
32282,2
32283,5
32284,4
32285,1
32286,4
32287,4
32288,1
32289,4
32290,2
32291,3
32292,4
32293,2
32294,2
32295,5
32296,4
32297,3
32298,5
32299,2
32300,1
32301,2
32302,5
32303,4
32304,4
32305,1
32306,4
32307,5
32308,4
32309,1
32310,1
32311,5
32312,4
32313,5
32314,1
32315,1
32316,2
32317,4
32318,2
32319,4
32320,4
32321,2
32322,1
32323,3
32324,3
32325,4
32326,5
32327,5
32328,3
32329,2
32330,5
32331,4
32332,4
32333,2
32334,2
32335,2
32336,1
32337,2
32338,3
32339,1
32340,4
32341,1
32342,1
32343,1
32344,4
32345,4
32346,3
32347,3
32348,1
32349,5
32350,2
32351,5
32352,1
32353,4
32354,2
32355,3
32356,2
32357,2
32358,2
32359,5
32360,3
32361,5
32362,4
32363,4
32364,1
32365,1
32366,5
32367,5
32368,2
32369,1
32370,1
32371,4
32372,2
32373,4
32374,1
32375,3
32376,5
32377,4
32378,5
32379,2
32380,2
32381,3
32382,1
32383,1
32384,5
32385,2
32386,5
32387,3
32388,2
32389,2
32390,1
32391,4
32392,2
32393,4
32394,3
32395,3
32396,2
32397,3
32398,4
32399,4
32400,2
32401,4
32402,3
32403,3
32404,4
32405,1
32406,4
32407,3
32408,4
32409,3
32410,2
32411,4
32412,5
32413,5
32414,5
32415,3
32416,1
32417,3
32418,1
32419,5
32420,5
32421,3
32422,5
32423,1
32424,2
32425,3
32426,4
32427,5
32428,5
32429,3
32430,1
32431,3
32432,4
32433,4
32434,3
32435,2
32436,3
32437,3
32438,2
32439,5
32440,2
32441,3
32442,3
32443,2
32444,5
32445,2
32446,3
32447,1
32448,5
32449,5
32450,4
32451,5
32452,5
32453,3
32454,5
32455,4
32456,4
32457,1
32458,3
32459,3
32460,3
32461,3
32462,3
32463,5
32464,2
32465,4
32466,3
32467,3
32468,3
32469,4
32470,2
32471,3
32472,5
32473,3
32474,5
32475,1
32476,3
32477,3
32478,3
32479,4
32480,1
32481,1
32482,4
32483,4
32484,3
32485,4
32486,4
32487,1
32488,4
32489,1
32490,2
32491,5
32492,2
32493,4
32494,3
32495,1
32496,5
32497,3
32498,4
32499,3
32500,5
32501,2
32502,3
32503,3
32504,3
32505,4
32506,4
32507,4
32508,5
32509,2
32510,2
32511,3
32512,3
32513,2
32514,4
32515,4
32516,5
32517,2
32518,5
32519,2
32520,2
32521,2
32522,3
32523,4
32524,2
32525,1
32526,3
32527,4
32528,4
32529,1
32530,2
32531,2
32532,1
32533,2
32534,2
32535,5
32536,1
32537,3
32538,1
32539,2
32540,1
32541,2
32542,5
32543,1
32544,1
32545,2
32546,1
32547,4
32548,2
32549,5
32550,2
32551,1
32552,4
32553,5
32554,4
32555,4
32556,4
32557,2
32558,3
32559,2
32560,2
32561,2
32562,1
32563,4
32564,1
32565,3
32566,5
32567,3
32568,1
32569,5
32570,3
32571,3
32572,1
32573,5
32574,3
32575,4
32576,3
32577,5
32578,3
32579,5
32580,5
32581,5
32582,4
32583,2
32584,5
32585,5
32586,5
32587,3
32588,4
32589,4
32590,4
32591,4
32592,3
32593,3
32594,1
32595,3
32596,3
32597,2
32598,4
32599,4
32600,3
32601,3
32602,2
32603,4
32604,3
32605,3
32606,3
32607,4
32608,2
32609,4
32610,5
32611,4
32612,4
32613,5
32614,1
32615,5
32616,1
32617,3
32618,3
32619,3
32620,2
32621,4
32622,3
32623,1
32624,4
32625,3
32626,4
32627,4
32628,1
32629,1
32630,4
32631,2
32632,3
32633,1
32634,5
32635,2
32636,4
32637,2
32638,2
32639,1
32640,1
32641,2
32642,5
32643,2
32644,4
32645,4
32646,2
32647,4
32648,1
32649,2
32650,2
32651,2
32652,3
32653,5
32654,3
32655,5
32656,5
32657,2
32658,5
32659,4
32660,2
32661,4
32662,5
32663,5
32664,4
32665,1
32666,1
32667,2
32668,5
32669,4
32670,3
32671,5
32672,4
32673,1
32674,4
32675,2
32676,1
32677,1
32678,4
32679,4
32680,1
32681,4
32682,4
32683,4
32684,4
32685,5
32686,1
32687,4
32688,3
32689,3
32690,2
32691,5
32692,3
32693,3
32694,2
32695,3
32696,2
32697,1
32698,2
32699,5
32700,5
32701,3
32702,4
32703,3
32704,5
32705,5
32706,2
32707,1
32708,2
32709,4
32710,4
32711,4
32712,2
32713,4
32714,3
32715,2
32716,4
32717,2
32718,3
32719,1
32720,4
32721,5
32722,5
32723,4
32724,1
32725,5
32726,5
32727,2
32728,4
32729,1
32730,3
32731,5
32732,4
32733,3
32734,3
32735,5
32736,1
32737,1
32738,4
32739,3
32740,3
32741,2
32742,5
32743,3
32744,1
32745,4
32746,5
32747,3
32748,3
32749,5
32750,1
32751,5
32752,3
32753,3
32754,3
32755,3
32756,4
32757,5
32758,5
32759,2
32760,4
32761,5
32762,3
32763,1
32764,4
32765,3
32766,3
32767,5
32768,4
32769,1
32770,3
32771,2
32772,2
32773,1
32774,4
32775,3
32776,3
32777,3
32778,4
32779,4
32780,1
32781,4
32782,1
32783,1
32784,2
32785,2
32786,5
32787,1
32788,5
32789,2
32790,5
32791,2
32792,4
32793,3
32794,3
32795,5
32796,1
32797,5
32798,1
32799,4
32800,3
32801,4
32802,4
32803,4
32804,2
32805,2
32806,1
32807,4
32808,1
32809,2
32810,5
32811,1
32812,3
32813,2
32814,5
32815,1
32816,1
32817,4
32818,3
32819,5
32820,3
32821,2
32822,2
32823,5
32824,1
32825,3
32826,4
32827,3
32828,2
32829,4
32830,4
32831,2
32832,3
32833,5
32834,1
32835,5
32836,4
32837,1
32838,4
32839,5
32840,3
32841,5
32842,1
32843,5
32844,1
32845,4
32846,2
32847,4
32848,3
32849,2
32850,2
32851,3
32852,4
32853,5
32854,5
32855,5
32856,2
32857,2
32858,5
32859,2
32860,2
32861,4
32862,4
32863,3
32864,1
32865,1
32866,3
32867,3
32868,1
32869,4
32870,2
32871,5
32872,3
32873,3
32874,3
32875,4
32876,5
32877,1
32878,5
32879,5
32880,4
32881,2
32882,5
32883,5
32884,5
32885,5
32886,1
32887,5
32888,2
32889,4
32890,2
32891,2
32892,1
32893,5
32894,4
32895,2
32896,2
32897,3
32898,5
32899,4
32900,2
32901,4
32902,5
32903,2
32904,2
32905,4
32906,5
32907,2
32908,4
32909,1
32910,4
32911,2
32912,4
32913,2
32914,5
32915,4
32916,4
32917,1
32918,3
32919,5
32920,2
32921,3
32922,1
32923,1
32924,5
32925,4
32926,3
32927,5
32928,4
32929,5
32930,3
32931,3
32932,1
32933,5
32934,3
32935,3
32936,1
32937,3
32938,2
32939,1
32940,3
32941,3
32942,3
32943,2
32944,4
32945,1
32946,4
32947,2
32948,5
32949,4
32950,1
32951,3
32952,2
32953,5
32954,3
32955,3
32956,3
32957,2
32958,2
32959,3
32960,3
32961,1
32962,5
32963,2
32964,5
32965,4
32966,4
32967,4
32968,5
32969,4
32970,2
32971,1
32972,4
32973,2
32974,2
32975,1
32976,5
32977,5
32978,3
32979,1
32980,5
32981,4
32982,1
32983,3
32984,2
32985,2
32986,4
32987,3
32988,3
32989,2
32990,1
32991,4
32992,3
32993,3
32994,5
32995,4
32996,5
32997,1
32998,2
32999,2
33000,1
33001,2
33002,1
33003,4
33004,3
33005,3
33006,4
33007,2
33008,2
33009,3
33010,4
33011,3
33012,2
33013,5
33014,2
33015,3
33016,2
33017,1
33018,4
33019,5
33020,5
33021,1
33022,1
33023,3
33024,2
33025,5
33026,1
33027,3
33028,5
33029,1
33030,4
33031,4
33032,1
33033,2
33034,3
33035,5
33036,1
33037,4
33038,3
33039,1
33040,2
33041,2
33042,4
33043,2
33044,3
33045,4
33046,5
33047,5
33048,4
33049,4
33050,3
33051,1
33052,2
33053,5
33054,2
33055,5
33056,3
33057,5
33058,5
33059,5
33060,4
33061,3
33062,2
33063,4
33064,5
33065,1
33066,2
33067,5
33068,5
33069,3
33070,3
33071,4
33072,4
33073,1
33074,3
33075,4
33076,5
33077,4
33078,3
33079,4
33080,4
33081,3
33082,2
33083,2
33084,4
33085,5
33086,1
33087,1
33088,2
33089,4
33090,3
33091,5
33092,5
33093,5
33094,4
33095,1
33096,3
33097,1
33098,1
33099,2
33100,3
33101,3
33102,5
33103,4
33104,3
33105,2
33106,2
33107,4
33108,3
33109,1
33110,2
33111,2
33112,3
33113,5
33114,5
33115,5
33116,4
33117,4
33118,3
33119,4
33120,1
33121,1
33122,4
33123,4
33124,2
33125,4
33126,4
33127,4
33128,2
33129,1
33130,5
33131,3
33132,1
33133,2
33134,4
33135,4
33136,1
33137,3
33138,4
33139,1
33140,1
33141,5
33142,2
33143,2
33144,2
33145,2
33146,2
33147,4
33148,5
33149,5
33150,4
33151,3
33152,5
33153,4
33154,3
33155,5
33156,3
33157,2
33158,5
33159,3
33160,1
33161,4
33162,5
33163,3
33164,5
33165,1
33166,1
33167,4
33168,2
33169,5
33170,2
33171,5
33172,5
33173,2
33174,1
33175,4
33176,4
33177,1
33178,1
33179,4
33180,4
33181,2
33182,1
33183,4
33184,2
33185,1
33186,4
33187,5
33188,5
33189,3
33190,3
33191,4
33192,1
33193,4
33194,4
33195,5
33196,4
33197,1
33198,2
33199,1
33200,5
33201,3
33202,2
33203,2
33204,3
33205,2
33206,3
33207,2
33208,5
33209,1
33210,2
33211,1
33212,1
33213,1
33214,4
33215,4
33216,5
33217,3
33218,4
33219,1
33220,5
33221,5
33222,2
33223,4
33224,5
33225,3
33226,2
33227,1
33228,3
33229,4
33230,2
33231,5
33232,1
33233,1
33234,2
33235,2
33236,4
33237,3
33238,5
33239,5
33240,4
33241,3
33242,1
33243,5
33244,3
33245,3
33246,1
33247,1
33248,1
33249,1
33250,4
33251,5
33252,5
33253,3
33254,1
33255,5
33256,2
33257,2
33258,1
33259,3
33260,2
33261,2
33262,5
33263,4
33264,1
33265,4
33266,5
33267,5
33268,5
33269,5
33270,3
33271,4
33272,2
33273,1
33274,3
33275,2
33276,3
33277,5
33278,1
33279,4
33280,1
33281,3
33282,3
33283,2
33284,3
33285,4
33286,1
33287,2
33288,1
33289,4
33290,2
33291,3
33292,4
33293,5
33294,4
33295,2
33296,3
33297,3
33298,4
33299,3
33300,2
33301,5
33302,5
33303,4
33304,2
33305,4
33306,5
33307,1
33308,3
33309,5
33310,2
33311,5
33312,3
33313,3
33314,2
33315,4
33316,3
33317,2
33318,4
33319,4
33320,3
33321,2
33322,5
33323,2
33324,5
33325,4
33326,2
33327,1
33328,1
33329,2
33330,2
33331,4
33332,1
33333,5
33334,3
33335,3
33336,1
33337,1
33338,1
33339,1
33340,3
33341,5
33342,4
33343,2
33344,4
33345,5
33346,1
33347,5
33348,3
33349,5
33350,4
33351,3
33352,1
33353,3
33354,4
33355,4
33356,3
33357,2
33358,1
33359,1
33360,3
33361,4
33362,4
33363,2
33364,3
33365,1
33366,3
33367,3
33368,5
33369,4
33370,5
33371,4
33372,2
33373,5
33374,4
33375,2
33376,1
33377,5
33378,1
33379,3
33380,5
33381,5
33382,5
33383,3
33384,3
33385,4
33386,4
33387,1
33388,4
33389,2
33390,2
33391,3
33392,3
33393,2
33394,4
33395,3
33396,4
33397,2
33398,5
33399,3
33400,4
33401,5
33402,4
33403,3
33404,4
33405,1
33406,1
33407,2
33408,1
33409,1
33410,3
33411,2
33412,2
33413,3
33414,4
33415,4
33416,5
33417,2
33418,2
33419,4
33420,4
33421,1
33422,4
33423,1
33424,2
33425,2
33426,2
33427,3
33428,5
33429,4
33430,3
33431,1
33432,3
33433,3
33434,4
33435,5
33436,1
33437,1
33438,1
33439,1
33440,4
33441,3
33442,4
33443,3
33444,4
33445,5
33446,2
33447,5
33448,4
33449,5
33450,4
33451,4
33452,4
33453,3
33454,2
33455,4
33456,3
33457,1
33458,5
33459,5
33460,5
33461,1
33462,3
33463,3
33464,1
33465,3
33466,1
33467,4
33468,5
33469,3
33470,4
33471,3
33472,3
33473,3
33474,2
33475,2
33476,2
33477,1
33478,4
33479,3
33480,4
33481,3
33482,5
33483,2
33484,1
33485,3
33486,3
33487,1
33488,1
33489,4
33490,4
33491,5
33492,1
33493,2
33494,2
33495,4
33496,3
33497,1
33498,5
33499,1
33500,4
33501,5
33502,4
33503,1
33504,5
33505,1
33506,2
33507,2
33508,3
33509,2
33510,1
33511,3
33512,3
33513,3
33514,4
33515,2
33516,2
33517,3
33518,4
33519,1
33520,4
33521,2
33522,5
33523,3
33524,5
33525,3
33526,3
33527,1
33528,4
33529,5
33530,2
33531,5
33532,2
33533,3
33534,1
33535,1
33536,5
33537,2
33538,2
33539,2
33540,4
33541,3
33542,5
33543,3
33544,5
33545,1
33546,2
33547,4
33548,5
33549,1
33550,5
33551,1
33552,2
33553,5
33554,5
33555,2
33556,4
33557,1
33558,2
33559,4
33560,5
33561,5
33562,4
33563,1
33564,4
33565,4
33566,3
33567,3
33568,1
33569,4
33570,3
33571,3
33572,3
33573,2
33574,2
33575,3
33576,4
33577,3
33578,2
33579,2
33580,5
33581,4
33582,1
33583,2
33584,3
33585,2
33586,5
33587,2
33588,4
33589,2
33590,3
33591,1
33592,5
33593,3
33594,3
33595,5
33596,1
33597,2
33598,1
33599,2
33600,4
33601,2
33602,1
33603,4
33604,2
33605,2
33606,2
33607,4
33608,2
33609,1
33610,2
33611,2
33612,4
33613,2
33614,4
33615,4
33616,5
33617,4
33618,4
33619,1
33620,1
33621,2
33622,5
33623,4
33624,3
33625,1
33626,3
33627,3
33628,3
33629,4
33630,5
33631,3
33632,1
33633,3
33634,1
33635,4
33636,2
33637,2
33638,4
33639,5
33640,5
33641,5
33642,2
33643,2
33644,4
33645,4
33646,1
33647,3
33648,4
33649,5
33650,4
33651,5
33652,2
33653,3
33654,2
33655,4
33656,1
33657,1
33658,2
33659,4
33660,5
33661,2
33662,5
33663,3
33664,5
33665,2
33666,1
33667,2
33668,4
33669,5
33670,4
33671,1
33672,1
33673,4
33674,5
33675,2
33676,5
33677,4
33678,4
33679,1
33680,3
33681,1
33682,4
33683,4
33684,3
33685,5
33686,5
33687,5
33688,5
33689,4
33690,5
33691,2
33692,4
33693,4
33694,1
33695,4
33696,5
33697,4
33698,5
33699,2
33700,5
33701,4
33702,5
33703,3
33704,3
33705,2
33706,5
33707,3
33708,5
33709,2
33710,4
33711,3
33712,3
33713,4
33714,2
33715,4
33716,3
33717,5
33718,2
33719,4
33720,1
33721,5
33722,2
33723,4
33724,5
33725,1
33726,2
33727,5
33728,2
33729,1
33730,5
33731,1
33732,5
33733,5
33734,2
33735,2
33736,4
33737,1
33738,5
33739,1
33740,3
33741,2
33742,3
33743,5
33744,5
33745,2
33746,2
33747,3
33748,4
33749,3
33750,5
33751,5
33752,1
33753,3
33754,3
33755,4
33756,4
33757,3
33758,2
33759,1
33760,3
33761,2
33762,5
33763,5
33764,2
33765,3
33766,1
33767,3
33768,1
33769,5
33770,3
33771,3
33772,5
33773,2
33774,1
33775,5
33776,2
33777,5
33778,4
33779,5
33780,2
33781,2
33782,2
33783,1
33784,4
33785,3
33786,5
33787,1
33788,2
33789,5
33790,5
33791,2
33792,1
33793,1
33794,2
33795,5
33796,1
33797,1
33798,2
33799,2
33800,4
33801,3
33802,4
33803,1
33804,2
33805,3
33806,5
33807,2
33808,3
33809,5
33810,3
33811,3
33812,3
33813,5
33814,3
33815,3
33816,3
33817,5
33818,4
33819,5
33820,3
33821,2
33822,1
33823,4
33824,5
33825,4
33826,1
33827,4
33828,2
33829,1
33830,3
33831,2
33832,2
33833,4
33834,4
33835,5
33836,2
33837,5
33838,2
33839,1
33840,5
33841,4
33842,5
33843,4
33844,2
33845,4
33846,1
33847,3
33848,1
33849,1
33850,1
33851,3
33852,1
33853,1
33854,3
33855,3
33856,3
33857,4
33858,3
33859,4
33860,3
33861,1
33862,4
33863,2
33864,2
33865,3
33866,3
33867,4
33868,4
33869,2
33870,3
33871,3
33872,5
33873,4
33874,5
33875,5
33876,2
33877,1
33878,3
33879,5
33880,4
33881,4
33882,5
33883,1
33884,5
33885,2
33886,3
33887,3
33888,5
33889,3
33890,3
33891,2
33892,1
33893,1
33894,2
33895,2
33896,2
33897,3
33898,1
33899,5
33900,2
33901,3
33902,4
33903,1
33904,4
33905,1
33906,2
33907,3
33908,2
33909,5
33910,4
33911,3
33912,4
33913,4
33914,5
33915,3
33916,1
33917,3
33918,1
33919,5
33920,3
33921,5
33922,3
33923,5
33924,5
33925,3
33926,3
33927,4
33928,1
33929,5
33930,4
33931,1
33932,2
33933,2
33934,2
33935,4
33936,5
33937,5
33938,1
33939,5
33940,2
33941,3
33942,2
33943,2
33944,4
33945,3
33946,3
33947,1
33948,1
33949,2
33950,4
33951,3
33952,5
33953,4
33954,5
33955,5
33956,2
33957,3
33958,3
33959,2
33960,5
33961,5
33962,3
33963,1
33964,4
33965,2
33966,1
33967,4
33968,3
33969,2
33970,4
33971,4
33972,2
33973,5
33974,3
33975,3
33976,3
33977,4
33978,3
33979,2
33980,3
33981,2
33982,5
33983,1
33984,4
33985,1
33986,5
33987,1
33988,3
33989,3
33990,2
33991,3
33992,3
33993,5
33994,4
33995,5
33996,5
33997,1
33998,2
33999,2
34000,1
34001,2
34002,2
34003,2
34004,3
34005,3
34006,2
34007,3
34008,1
34009,3
34010,1
34011,3
34012,3
34013,4
34014,3
34015,4
34016,5
34017,5
34018,2
34019,1
34020,5
34021,1
34022,4
34023,4
34024,3
34025,5
34026,3
34027,4
34028,1
34029,2
34030,1
34031,2
34032,5
34033,5
34034,3
34035,1
34036,4
34037,4
34038,5
34039,3
34040,2
34041,5
34042,2
34043,3
34044,5
34045,5
34046,3
34047,3
34048,1
34049,4
34050,1
34051,3
34052,1
34053,3
34054,1
34055,3
34056,3
34057,3
34058,3
34059,3
34060,5
34061,5
34062,1
34063,5
34064,4
34065,1
34066,1
34067,5
34068,2
34069,2
34070,4
34071,2
34072,2
34073,4
34074,5
34075,3
34076,2
34077,2
34078,1
34079,2
34080,4
34081,4
34082,3
34083,3
34084,2
34085,5
34086,4
34087,4
34088,3
34089,4
34090,5
34091,5
34092,5
34093,3
34094,1
34095,2
34096,4
34097,2
34098,4
34099,2
34100,3
34101,3
34102,1
34103,4
34104,4
34105,2
34106,3
34107,5
34108,4
34109,3
34110,3
34111,3
34112,4
34113,5
34114,1
34115,3
34116,1
34117,2
34118,1
34119,4
34120,5
34121,2
34122,1
34123,3
34124,3
34125,4
34126,2
34127,2
34128,5
34129,3
34130,1
34131,4
34132,3
34133,5
34134,2
34135,2
34136,4
34137,2
34138,4
34139,4
34140,5
34141,4
34142,2
34143,5
34144,5
34145,5
34146,4
34147,5
34148,5
34149,3
34150,2
34151,1
34152,5
34153,3
34154,1
34155,5
34156,2
34157,3
34158,3
34159,2
34160,1
34161,4
34162,2
34163,4
34164,1
34165,1
34166,5
34167,2
34168,4
34169,4
34170,3
34171,3
34172,5
34173,5
34174,4
34175,1
34176,1
34177,2
34178,2
34179,4
34180,3
34181,1
34182,3
34183,1
34184,2
34185,3
34186,1
34187,3
34188,2
34189,2
34190,3
34191,5
34192,2
34193,3
34194,1
34195,1
34196,4
34197,5
34198,5
34199,5
34200,4
34201,3
34202,3
34203,1
34204,5
34205,2
34206,5
34207,5
34208,5
34209,5
34210,2
34211,3
34212,1
34213,4
34214,5
34215,5
34216,5
34217,5
34218,4
34219,4
34220,5
34221,4
34222,4
34223,3
34224,3
34225,1
34226,2
34227,3
34228,3
34229,5
34230,5
34231,5
34232,2
34233,3
34234,5
34235,4
34236,1
34237,1
34238,1
34239,2
34240,4
34241,2
34242,1
34243,2
34244,4
34245,4
34246,2
34247,1
34248,4
34249,5
34250,1
34251,1
34252,5
34253,5
34254,5
34255,5
34256,3
34257,2
34258,3
34259,1
34260,5
34261,1
34262,2
34263,1
34264,3
34265,3
34266,4
34267,3
34268,3
34269,1
34270,3
34271,3
34272,3
34273,1
34274,2
34275,3
34276,3
34277,4
34278,5
34279,3
34280,4
34281,4
34282,1
34283,1
34284,1
34285,1
34286,5
34287,3
34288,3
34289,3
34290,1
34291,3
34292,4
34293,5
34294,2
34295,3
34296,2
34297,3
34298,3
34299,4
34300,5
34301,1
34302,1
34303,3
34304,4
34305,5
34306,1
34307,1
34308,2
34309,1
34310,4
34311,1
34312,1
34313,1
34314,2
34315,2
34316,5
34317,1
34318,2
34319,1
34320,3
34321,5
34322,5
34323,1
34324,3
34325,5
34326,1
34327,5
34328,1
34329,4
34330,4
34331,1
34332,4
34333,3
34334,4
34335,3
34336,1
34337,4
34338,5
34339,1
34340,3
34341,2
34342,2
34343,3
34344,2
34345,2
34346,5
34347,2
34348,5
34349,4
34350,1
34351,2
34352,2
34353,4
34354,4
34355,4
34356,3
34357,2
34358,5
34359,1
34360,1
34361,2
34362,4
34363,4
34364,2
34365,2
34366,4
34367,3
34368,2
34369,5
34370,2
34371,4
34372,1
34373,2
34374,2
34375,5
34376,1
34377,4
34378,2
34379,1
34380,2
34381,1
34382,5
34383,4
34384,4
34385,4
34386,1
34387,2
34388,3
34389,2
34390,3
34391,5
34392,3
34393,1
34394,4
34395,4
34396,1
34397,5
34398,2
34399,2
34400,4
34401,3
34402,2
34403,1
34404,5
34405,5
34406,3
34407,1
34408,5
34409,1
34410,1
34411,2
34412,3
34413,1
34414,4
34415,3
34416,1
34417,1
34418,2
34419,5
34420,3
34421,4
34422,5
34423,1
34424,1
34425,1
34426,3
34427,5
34428,2
34429,2
34430,2
34431,1
34432,2
34433,5
34434,3
34435,5
34436,1
34437,4
34438,4
34439,3
34440,1
34441,4
34442,1
34443,1
34444,3
34445,3
34446,2
34447,1
34448,2
34449,2
34450,5
34451,3
34452,4
34453,5
34454,1
34455,3
34456,3
34457,4
34458,4
34459,2
34460,1
34461,1
34462,3
34463,2
34464,5
34465,4
34466,4
34467,2
34468,1
34469,4
34470,2
34471,3
34472,4
34473,1
34474,1
34475,3
34476,2
34477,1
34478,5
34479,5
34480,3
34481,5
34482,5
34483,4
34484,5
34485,5
34486,5
34487,2
34488,1
34489,5
34490,1
34491,4
34492,5
34493,2
34494,5
34495,1
34496,3
34497,2
34498,5
34499,3
34500,5
34501,5
34502,1
34503,3
34504,2
34505,4
34506,2
34507,3
34508,1
34509,4
34510,1
34511,3
34512,3
34513,2
34514,3
34515,2
34516,1
34517,4
34518,5
34519,2
34520,5
34521,4
34522,3
34523,5
34524,1
34525,3
34526,5
34527,4
34528,2
34529,1
34530,2
34531,5
34532,3
34533,5
34534,5
34535,4
34536,5
34537,3
34538,3
34539,3
34540,4
34541,5
34542,3
34543,3
34544,5
34545,1
34546,4
34547,5
34548,1
34549,4
34550,2
34551,3
34552,4
34553,1
34554,5
34555,5
34556,1
34557,1
34558,2
34559,2
34560,2
34561,4
34562,5
34563,5
34564,3
34565,4
34566,4
34567,4
34568,5
34569,1
34570,3
34571,3
34572,5
34573,2
34574,5
34575,3
34576,5
34577,5
34578,3
34579,5
34580,1
34581,5
34582,5
34583,4
34584,3
34585,3
34586,2
34587,3
34588,3
34589,4
34590,1
34591,2
34592,5
34593,1
34594,1
34595,3
34596,4
34597,4
34598,2
34599,5
34600,4
34601,5
34602,4
34603,5
34604,3
34605,1
34606,3
34607,2
34608,4
34609,3
34610,4
34611,1
34612,5
34613,3
34614,1
34615,4
34616,2
34617,5
34618,4
34619,5
34620,4
34621,1
34622,5
34623,5
34624,3
34625,2
34626,3
34627,5
34628,3
34629,4
34630,4
34631,2
34632,4
34633,4
34634,5
34635,5
34636,2
34637,1
34638,2
34639,3
34640,2
34641,5
34642,1
34643,2
34644,2
34645,3
34646,3
34647,1
34648,1
34649,1
34650,1
34651,2
34652,1
34653,2
34654,2
34655,3
34656,4
34657,4
34658,2
34659,4
34660,3
34661,1
34662,2
34663,2
34664,2
34665,1
34666,2
34667,2
34668,5
34669,4
34670,3
34671,1
34672,5
34673,3
34674,5
34675,3
34676,2
34677,3
34678,4
34679,4
34680,3
34681,3
34682,2
34683,4
34684,1
34685,5
34686,1
34687,5
34688,3
34689,4
34690,3
34691,5
34692,3
34693,5
34694,3
34695,5
34696,5
34697,1
34698,4
34699,4
34700,1
34701,4
34702,4
34703,2
34704,2
34705,2
34706,1
34707,2
34708,4
34709,4
34710,5
34711,4
34712,1
34713,4
34714,4
34715,4
34716,3
34717,2
34718,5
34719,1
34720,5
34721,5
34722,3
34723,3
34724,2
34725,1
34726,4
34727,5
34728,3
34729,5
34730,2
34731,3
34732,5
34733,2
34734,5
34735,1
34736,5
34737,5
34738,1
34739,1
34740,5
34741,1
34742,3
34743,3
34744,2
34745,3
34746,2
34747,5
34748,3
34749,1
34750,2
34751,2
34752,3
34753,4
34754,5
34755,4
34756,2
34757,3
34758,3
34759,5
34760,5
34761,2
34762,3
34763,2
34764,5
34765,1
34766,5
34767,4
34768,5
34769,1
34770,5
34771,1
34772,5
34773,1
34774,5
34775,3
34776,2
34777,1
34778,5
34779,2
34780,3
34781,2
34782,3
34783,5
34784,5
34785,4
34786,4
34787,3
34788,4
34789,3
34790,4
34791,4
34792,4
34793,1
34794,5
34795,4
34796,1
34797,3
34798,3
34799,3
34800,2
34801,4
34802,3
34803,1
34804,4
34805,1
34806,5
34807,2
34808,5
34809,4
34810,1
34811,3
34812,1
34813,4
34814,4
34815,1
34816,4
34817,5
34818,3
34819,3
34820,2
34821,1
34822,5
34823,2
34824,5
34825,3
34826,4
34827,2
34828,2
34829,2
34830,3
34831,3
34832,5
34833,3
34834,3
34835,1
34836,1
34837,5
34838,2
34839,5
34840,3
34841,1
34842,1
34843,4
34844,3
34845,4
34846,1
34847,1
34848,4
34849,4
34850,1
34851,2
34852,3
34853,2
34854,2
34855,5
34856,1
34857,5
34858,1
34859,3
34860,1
34861,2
34862,5
34863,5
34864,4
34865,5
34866,3
34867,2
34868,2
34869,4
34870,2
34871,4
34872,1
34873,2
34874,3
34875,5
34876,3
34877,4
34878,4
34879,2
34880,1
34881,4
34882,5
34883,1
34884,5
34885,2
34886,5
34887,2
34888,5
34889,1
34890,4
34891,5
34892,4
34893,5
34894,1
34895,5
34896,2
34897,1
34898,5
34899,3
34900,4
34901,2
34902,1
34903,3
34904,5
34905,1
34906,3
34907,1
34908,4
34909,3
34910,4
34911,5
34912,5
34913,5
34914,4
34915,1
34916,2
34917,2
34918,3
34919,4
34920,3
34921,5
34922,1
34923,1
34924,1
34925,2
34926,2
34927,3
34928,4
34929,3
34930,2
34931,5
34932,4
34933,5
34934,2
34935,4
34936,5
34937,1
34938,5
34939,4
34940,3
34941,4
34942,3
34943,2
34944,5
34945,3
34946,4
34947,5
34948,4
34949,1
34950,1
34951,2
34952,4
34953,4
34954,2
34955,5
34956,4
34957,5
34958,4
34959,1
34960,5
34961,5
34962,3
34963,1
34964,2
34965,3
34966,1
34967,3
34968,4
34969,2
34970,5
34971,5
34972,2
34973,2
34974,4
34975,3
34976,1
34977,3
34978,5
34979,3
34980,3
34981,3
34982,4
34983,2
34984,2
34985,4
34986,5
34987,5
34988,4
34989,4
34990,2
34991,4
34992,5
34993,5
34994,2
34995,1
34996,1
34997,2
34998,1
34999,1
35000,3
35001,2
35002,5
35003,4
35004,3
35005,1
35006,3
35007,1
35008,2
35009,5
35010,5
35011,3
35012,1
35013,5
35014,5
35015,4
35016,1
35017,2
35018,4
35019,3
35020,1
35021,3
35022,1
35023,4
35024,5
35025,3
35026,4
35027,5
35028,2
35029,5
35030,1
35031,3
35032,4
35033,5
35034,2
35035,2
35036,2
35037,1
35038,4
35039,5
35040,1
35041,1
35042,1
35043,1
35044,2
35045,2
35046,2
35047,4
35048,2
35049,2
35050,5
35051,3
35052,3
35053,3
35054,3
35055,5
35056,4
35057,3
35058,2
35059,3
35060,4
35061,2
35062,2
35063,1
35064,5
35065,2
35066,1
35067,4
35068,4
35069,3
35070,4
35071,1
35072,3
35073,1
35074,1
35075,2
35076,2
35077,1
35078,1
35079,3
35080,5
35081,1
35082,1
35083,2
35084,4
35085,5
35086,3
35087,5
35088,2
35089,5
35090,5
35091,1
35092,1
35093,2
35094,2
35095,2
35096,1
35097,4
35098,5
35099,1
35100,1
35101,3
35102,5
35103,1
35104,1
35105,1
35106,5
35107,1
35108,5
35109,2
35110,4
35111,1
35112,4
35113,1
35114,4
35115,5
35116,4
35117,5
35118,2
35119,2
35120,3
35121,3
35122,5
35123,1
35124,2
35125,2
35126,3
35127,2
35128,3
35129,3
35130,4
35131,4
35132,4
35133,5
35134,1
35135,4
35136,4
35137,2
35138,5
35139,3
35140,4
35141,1
35142,5
35143,5
35144,4
35145,4
35146,5
35147,1
35148,4
35149,5
35150,1
35151,3
35152,4
35153,4
35154,3
35155,3
35156,5
35157,3
35158,1
35159,4
35160,5
35161,1
35162,4
35163,1
35164,3
35165,4
35166,2
35167,5
35168,4
35169,5
35170,2
35171,2
35172,1
35173,4
35174,5
35175,4
35176,1
35177,4
35178,2
35179,3
35180,1
35181,5
35182,3
35183,1
35184,2
35185,2
35186,2
35187,2
35188,3
35189,2
35190,4
35191,1
35192,3
35193,3
35194,3
35195,5
35196,2
35197,1
35198,2
35199,4
35200,5
35201,4
35202,2
35203,2
35204,4
35205,1
35206,4
35207,4
35208,3
35209,5
35210,4
35211,3
35212,5
35213,3
35214,5
35215,4
35216,4
35217,4
35218,4
35219,2
35220,2
35221,5
35222,1
35223,1
35224,2
35225,3
35226,5
35227,3
35228,5
35229,2
35230,5
35231,2
35232,3
35233,2
35234,1
35235,4
35236,3
35237,5
35238,1
35239,4
35240,4
35241,5
35242,2
35243,4
35244,5
35245,2
35246,5
35247,2
35248,1
35249,3
35250,4
35251,4
35252,4
35253,1
35254,4
35255,4
35256,3
35257,4
35258,3
35259,5
35260,5
35261,3
35262,4
35263,5
35264,3
35265,1
35266,1
35267,3
35268,5
35269,2
35270,1
35271,4
35272,4
35273,5
35274,3
35275,3
35276,4
35277,1
35278,5
35279,2
35280,1
35281,3
35282,4
35283,2
35284,2
35285,5
35286,3
35287,3
35288,1
35289,2
35290,5
35291,4
35292,5
35293,5
35294,3
35295,2
35296,4
35297,2
35298,1
35299,1
35300,2
35301,4
35302,5
35303,5
35304,3
35305,4
35306,2
35307,5
35308,4
35309,4
35310,3
35311,2
35312,5
35313,4
35314,1
35315,5
35316,5
35317,5
35318,5
35319,4
35320,5
35321,3
35322,5
35323,3
35324,3
35325,4
35326,3
35327,4
35328,3
35329,4
35330,3
35331,3
35332,2
35333,3
35334,2
35335,2
35336,3
35337,5
35338,1
35339,1
35340,2
35341,2
35342,4
35343,2
35344,2
35345,5
35346,2
35347,5
35348,3
35349,1
35350,4
35351,3
35352,5
35353,3
35354,5
35355,4
35356,3
35357,5
35358,4
35359,3
35360,3
35361,4
35362,2
35363,4
35364,3
35365,3
35366,2
35367,1
35368,5
35369,3
35370,5
35371,2
35372,1
35373,2
35374,1
35375,3
35376,4
35377,3
35378,5
35379,2
35380,1
35381,2
35382,5
35383,5
35384,3
35385,3
35386,2
35387,5
35388,2
35389,2
35390,4
35391,4
35392,3
35393,3
35394,1
35395,5
35396,2
35397,2
35398,3
35399,3
35400,5
35401,4
35402,5
35403,2
35404,5
35405,3
35406,4
35407,3
35408,5
35409,5
35410,4
35411,2
35412,3
35413,5
35414,5
35415,5
35416,4
35417,5
35418,3
35419,4
35420,2
35421,3
35422,5
35423,1
35424,1
35425,4
35426,3
35427,1
35428,3
35429,5
35430,1
35431,5
35432,2
35433,4
35434,3
35435,5
35436,4
35437,5
35438,4
35439,2
35440,5
35441,3
35442,1
35443,1
35444,1
35445,1
35446,1
35447,3
35448,4
35449,3
35450,2
35451,3
35452,1
35453,5
35454,3
35455,4
35456,2
35457,3
35458,4
35459,5
35460,2
35461,2
35462,5
35463,4
35464,5
35465,4
35466,1
35467,1
35468,5
35469,4
35470,5
35471,4
35472,4
35473,4
35474,2
35475,5
35476,4
35477,1
35478,1
35479,4
35480,2
35481,4
35482,2
35483,5
35484,1
35485,2
35486,4
35487,4
35488,4
35489,1
35490,2
35491,4
35492,5
35493,4
35494,1
35495,2
35496,2
35497,5
35498,4
35499,3
35500,4
35501,1
35502,5
35503,3
35504,2
35505,3
35506,4
35507,3
35508,5
35509,2
35510,5
35511,1
35512,4
35513,1
35514,1
35515,4
35516,1
35517,4
35518,4
35519,3
35520,5
35521,1
35522,4
35523,3
35524,5
35525,3
35526,3
35527,1
35528,1
35529,5
35530,5
35531,5
35532,3
35533,2
35534,3
35535,5
35536,1
35537,4
35538,1
35539,4
35540,4
35541,2
35542,2
35543,4
35544,5
35545,2
35546,4
35547,3
35548,5
35549,2
35550,1
35551,2
35552,3
35553,1
35554,4
35555,4
35556,3
35557,4
35558,3
35559,3
35560,4
35561,1
35562,3
35563,2
35564,5
35565,3
35566,1
35567,3
35568,2
35569,5
35570,5
35571,1
35572,2
35573,4
35574,1
35575,2
35576,5
35577,3
35578,4
35579,2
35580,1
35581,5
35582,5
35583,3
35584,3
35585,5
35586,5
35587,2
35588,2
35589,5
35590,1
35591,5
35592,4
35593,4
35594,1
35595,4
35596,4
35597,2
35598,2
35599,1
35600,3
35601,1
35602,1
35603,1
35604,5
35605,5
35606,1
35607,4
35608,3
35609,1
35610,1
35611,2
35612,5
35613,2
35614,4
35615,2
35616,3
35617,2
35618,5
35619,4
35620,3
35621,5
35622,3
35623,3
35624,4
35625,5
35626,5
35627,2
35628,5
35629,2
35630,5
35631,1
35632,2
35633,2
35634,5
35635,3
35636,5
35637,5
35638,1
35639,2
35640,1
35641,3
35642,5
35643,5
35644,4
35645,4
35646,1
35647,4
35648,1
35649,1
35650,2
35651,3
35652,5
35653,3
35654,1
35655,2
35656,5
35657,1
35658,3
35659,5
35660,1
35661,3
35662,5
35663,1
35664,5
35665,5
35666,4
35667,3
35668,3
35669,4
35670,3
35671,4
35672,3
35673,1
35674,3
35675,3
35676,4
35677,2
35678,2
35679,1
35680,1
35681,3
35682,2
35683,5
35684,4
35685,3
35686,3
35687,1
35688,4
35689,5
35690,4
35691,4
35692,2
35693,3
35694,4
35695,5
35696,3
35697,4
35698,4
35699,2
35700,1
35701,3
35702,5
35703,3
35704,4
35705,3
35706,4
35707,2
35708,1
35709,3
35710,3
35711,4
35712,2
35713,1
35714,4
35715,5
35716,3
35717,3
35718,2
35719,5
35720,3
35721,4
35722,2
35723,2
35724,3
35725,3
35726,5
35727,2
35728,2
35729,1
35730,2
35731,3
35732,5
35733,1
35734,4
35735,2
35736,2
35737,1
35738,3
35739,3
35740,1
35741,1
35742,5
35743,5
35744,3
35745,3
35746,4
35747,4
35748,1
35749,4
35750,2
35751,2
35752,2
35753,2
35754,2
35755,5
35756,2
35757,3
35758,5
35759,2
35760,2
35761,4
35762,2
35763,5
35764,1
35765,4
35766,2
35767,3
35768,1
35769,1
35770,3
35771,3
35772,5
35773,1
35774,1
35775,3
35776,3
35777,2
35778,4
35779,5
35780,4
35781,1
35782,1
35783,3
35784,3
35785,1
35786,2
35787,1
35788,3
35789,3
35790,5
35791,5
35792,1
35793,2
35794,5
35795,1
35796,3
35797,1
35798,5
35799,1
35800,5
35801,5
35802,2
35803,4
35804,3
35805,4
35806,2
35807,2
35808,4
35809,5
35810,5
35811,4
35812,2
35813,5
35814,5
35815,1
35816,2
35817,2
35818,3
35819,3
35820,1
35821,1
35822,2
35823,4
35824,3
35825,5
35826,1
35827,1
35828,1
35829,3
35830,2
35831,5
35832,3
35833,1
35834,3
35835,5
35836,3
35837,2
35838,2
35839,1
35840,3
35841,2
35842,5
35843,3
35844,3
35845,4
35846,1
35847,1
35848,1
35849,5
35850,2
35851,2
35852,4
35853,2
35854,1
35855,2
35856,1
35857,4
35858,4
35859,5
35860,3
35861,1
35862,5
35863,3
35864,2
35865,1
35866,4
35867,2
35868,3
35869,4
35870,3
35871,2
35872,2
35873,4
35874,3
35875,4
35876,2
35877,1
35878,3
35879,5
35880,3
35881,5
35882,5
35883,3
35884,1
35885,5
35886,3
35887,2
35888,2
35889,3
35890,4
35891,2
35892,2
35893,4
35894,4
35895,4
35896,2
35897,4
35898,4
35899,3
35900,1
35901,2
35902,3
35903,5
35904,5
35905,4
35906,3
35907,2
35908,1
35909,2
35910,2
35911,1
35912,3
35913,1
35914,4
35915,1
35916,3
35917,5
35918,5
35919,4
35920,5
35921,3
35922,3
35923,5
35924,5
35925,4
35926,4
35927,2
35928,5
35929,4
35930,5
35931,3
35932,5
35933,1
35934,1
35935,4
35936,1
35937,3
35938,3
35939,2
35940,4
35941,2
35942,3
35943,5
35944,2
35945,2
35946,1
35947,1
35948,5
35949,4
35950,4
35951,5
35952,4
35953,3
35954,2
35955,1
35956,1
35957,1
35958,5
35959,1
35960,2
35961,4
35962,5
35963,3
35964,4
35965,2
35966,2
35967,5
35968,5
35969,1
35970,2
35971,2
35972,5
35973,4
35974,1
35975,3
35976,3
35977,3
35978,2
35979,3
35980,3
35981,1
35982,2
35983,2
35984,1
35985,4
35986,5
35987,4
35988,4
35989,1
35990,5
35991,4
35992,3
35993,2
35994,3
35995,4
35996,5
35997,3
35998,4
35999,4
36000,4
36001,5
36002,4
36003,3
36004,5
36005,4
36006,4
36007,4
36008,5
36009,1
36010,3
36011,5
36012,5
36013,4
36014,3
36015,4
36016,1
36017,4
36018,5
36019,1
36020,1
36021,3
36022,3
36023,3
36024,4
36025,1
36026,3
36027,5
36028,3
36029,5
36030,5
36031,4
36032,5
36033,4
36034,2
36035,2
36036,4
36037,5
36038,3
36039,5
36040,5
36041,3
36042,5
36043,5
36044,5
36045,5
36046,1
36047,2
36048,3
36049,5
36050,4
36051,4
36052,3
36053,2
36054,5
36055,1
36056,2
36057,5
36058,3
36059,5
36060,4
36061,2
36062,4
36063,4
36064,4
36065,5
36066,5
36067,1
36068,3
36069,5
36070,4
36071,3
36072,4
36073,3
36074,2
36075,1
36076,5
36077,3
36078,1
36079,2
36080,5
36081,4
36082,1
36083,3
36084,2
36085,2
36086,4
36087,5
36088,2
36089,5
36090,2
36091,1
36092,2
36093,4
36094,3
36095,5
36096,2
36097,4
36098,4
36099,5
36100,5
36101,2
36102,5
36103,4
36104,2
36105,2
36106,2
36107,4
36108,3
36109,2
36110,2
36111,2
36112,4
36113,2
36114,2
36115,4
36116,1
36117,3
36118,4
36119,2
36120,5
36121,2
36122,4
36123,1
36124,2
36125,2
36126,4
36127,4
36128,3
36129,2
36130,3
36131,3
36132,2
36133,2
36134,5
36135,3
36136,2
36137,5
36138,4
36139,4
36140,2
36141,1
36142,4
36143,4
36144,5
36145,4
36146,4
36147,5
36148,5
36149,4
36150,1
36151,4
36152,2
36153,1
36154,1
36155,2
36156,5
36157,5
36158,2
36159,3
36160,3
36161,1
36162,5
36163,2
36164,5
36165,5
36166,2
36167,4
36168,4
36169,5
36170,3
36171,5
36172,1
36173,2
36174,3
36175,1
36176,2
36177,3
36178,4
36179,4
36180,1
36181,4
36182,4
36183,1
36184,2
36185,3
36186,4
36187,2
36188,5
36189,3
36190,1
36191,1
36192,3
36193,5
36194,1
36195,5
36196,2
36197,3
36198,3
36199,3
36200,5
36201,1
36202,2
36203,2
36204,2
36205,5
36206,2
36207,5
36208,4
36209,5
36210,1
36211,3
36212,2
36213,5
36214,5
36215,2
36216,3
36217,3
36218,1
36219,2
36220,1
36221,2
36222,1
36223,1
36224,2
36225,3
36226,4
36227,4
36228,2
36229,2
36230,5
36231,2
36232,3
36233,3
36234,4
36235,4
36236,5
36237,4
36238,4
36239,1
36240,3
36241,2
36242,5
36243,2
36244,3
36245,4
36246,5
36247,1
36248,3
36249,4
36250,1
36251,3
36252,3
36253,5
36254,1
36255,1
36256,3
36257,1
36258,5
36259,3
36260,1
36261,1
36262,3
36263,4
36264,1
36265,5
36266,4
36267,2
36268,5
36269,2
36270,2
36271,5
36272,5
36273,2
36274,1
36275,4
36276,4
36277,5
36278,2
36279,3
36280,2
36281,5
36282,2
36283,1
36284,1
36285,5
36286,1
36287,1
36288,1
36289,4
36290,3
36291,2
36292,4
36293,2
36294,5
36295,3
36296,3
36297,4
36298,4
36299,2
36300,5
36301,1
36302,1
36303,2
36304,2
36305,2
36306,2
36307,2
36308,1
36309,2
36310,4
36311,2
36312,1
36313,3
36314,1
36315,2
36316,4
36317,4
36318,3
36319,1
36320,3
36321,4
36322,4
36323,4
36324,3
36325,1
36326,2
36327,3
36328,1
36329,2
36330,5
36331,4
36332,4
36333,4
36334,1
36335,3
36336,2
36337,3
36338,3
36339,2
36340,1
36341,2
36342,3
36343,2
36344,5
36345,5
36346,2
36347,3
36348,2
36349,1
36350,1
36351,3
36352,3
36353,1
36354,3
36355,3
36356,3
36357,1
36358,1
36359,3
36360,2
36361,2
36362,1
36363,2
36364,1
36365,4
36366,1
36367,1
36368,3
36369,4
36370,2
36371,1
36372,2
36373,5
36374,5
36375,3
36376,4
36377,4
36378,4
36379,3
36380,5
36381,2
36382,4
36383,1
36384,3
36385,4
36386,5
36387,2
36388,2
36389,5
36390,3
36391,4
36392,4
36393,5
36394,3
36395,1
36396,3
36397,3
36398,3
36399,4
36400,3
36401,1
36402,5
36403,5
36404,3
36405,2
36406,4
36407,3
36408,2
36409,5
36410,3
36411,4
36412,2
36413,1
36414,2
36415,4
36416,1
36417,1
36418,3
36419,3
36420,1
36421,5
36422,2
36423,3
36424,1
36425,4
36426,4
36427,2
36428,1
36429,1
36430,4
36431,5
36432,3
36433,5
36434,1
36435,1
36436,1
36437,1
36438,4
36439,3
36440,3
36441,5
36442,3
36443,2
36444,4
36445,4
36446,3
36447,5
36448,1
36449,4
36450,3
36451,2
36452,5
36453,1
36454,5
36455,4
36456,1
36457,4
36458,1
36459,2
36460,5
36461,4
36462,5
36463,3
36464,1
36465,2
36466,4
36467,4
36468,2
36469,4
36470,1
36471,1
36472,2
36473,3
36474,2
36475,3
36476,2
36477,2
36478,2
36479,3
36480,4
36481,3
36482,4
36483,4
36484,1
36485,4
36486,3
36487,1
36488,4
36489,5
36490,4
36491,2
36492,1
36493,1
36494,3
36495,2
36496,2
36497,4
36498,5
36499,2
36500,5
36501,2
36502,2
36503,5
36504,2
36505,5
36506,4
36507,5
36508,3
36509,1
36510,1
36511,2
36512,1
36513,2
36514,5
36515,5
36516,4
36517,2
36518,3
36519,2
36520,3
36521,5
36522,1
36523,3
36524,5
36525,1
36526,5
36527,4
36528,3
36529,3
36530,3
36531,4
36532,1
36533,1
36534,2
36535,2
36536,5
36537,2
36538,4
36539,4
36540,3
36541,3
36542,4
36543,5
36544,5
36545,2
36546,3
36547,1
36548,3
36549,5
36550,1
36551,5
36552,3
36553,5
36554,5
36555,2
36556,3
36557,2
36558,4
36559,5
36560,4
36561,4
36562,2
36563,1
36564,1
36565,2
36566,1
36567,3
36568,1
36569,1
36570,5
36571,4
36572,3
36573,2
36574,3
36575,5
36576,3
36577,1
36578,3
36579,5
36580,4
36581,5
36582,4
36583,4
36584,3
36585,5
36586,3
36587,3
36588,3
36589,2
36590,4
36591,2
36592,5
36593,2
36594,1
36595,2
36596,5
36597,1
36598,2
36599,3
36600,4
36601,2
36602,4
36603,5
36604,2
36605,1
36606,1
36607,5
36608,4
36609,3
36610,1
36611,2
36612,2
36613,4
36614,2
36615,3
36616,2
36617,5
36618,3
36619,4
36620,1
36621,3
36622,1
36623,4
36624,5
36625,5
36626,3
36627,1
36628,3
36629,3
36630,2
36631,2
36632,3
36633,4
36634,4
36635,3
36636,5
36637,4
36638,2
36639,5
36640,5
36641,1
36642,1
36643,1
36644,4
36645,5
36646,4
36647,1
36648,1
36649,4
36650,3
36651,4
36652,3
36653,5
36654,5
36655,1
36656,3
36657,1
36658,4
36659,5
36660,1
36661,2
36662,2
36663,3
36664,1
36665,1
36666,2
36667,4
36668,2
36669,1
36670,3
36671,4
36672,3
36673,3
36674,3
36675,1
36676,1
36677,5
36678,2
36679,4
36680,1
36681,5
36682,2
36683,4
36684,3
36685,1
36686,3
36687,3
36688,1
36689,3
36690,5
36691,3
36692,3
36693,5
36694,5
36695,5
36696,1
36697,2
36698,4
36699,1
36700,1
36701,2
36702,2
36703,1
36704,5
36705,2
36706,4
36707,1
36708,3
36709,4
36710,4
36711,4
36712,3
36713,3
36714,3
36715,4
36716,3
36717,3
36718,5
36719,3
36720,1
36721,1
36722,5
36723,1
36724,3
36725,3
36726,4
36727,2
36728,3
36729,1
36730,1
36731,3
36732,3
36733,5
36734,4
36735,5
36736,1
36737,3
36738,5
36739,2
36740,5
36741,1
36742,4
36743,2
36744,5
36745,1
36746,5
36747,2
36748,2
36749,3
36750,3
36751,2
36752,4
36753,2
36754,3
36755,4
36756,2
36757,1
36758,2
36759,3
36760,5
36761,3
36762,4
36763,2
36764,5
36765,5
36766,3
36767,2
36768,2
36769,3
36770,5
36771,4
36772,5
36773,2
36774,1
36775,4
36776,1
36777,3
36778,3
36779,2
36780,2
36781,5
36782,5
36783,3
36784,5
36785,4
36786,1
36787,5
36788,5
36789,1
36790,1
36791,5
36792,2
36793,2
36794,2
36795,3
36796,5
36797,5
36798,4
36799,5
36800,3
36801,1
36802,4
36803,1
36804,4
36805,5
36806,2
36807,1
36808,2
36809,1
36810,3
36811,1
36812,2
36813,3
36814,5
36815,3
36816,4
36817,3
36818,1
36819,3
36820,2
36821,4
36822,5
36823,2
36824,3
36825,2
36826,2
36827,4
36828,2
36829,1
36830,3
36831,1
36832,1
36833,1
36834,4
36835,3
36836,3
36837,3
36838,4
36839,5
36840,4
36841,3
36842,2
36843,5
36844,5
36845,4
36846,5
36847,5
36848,2
36849,1
36850,1
36851,5
36852,3
36853,5
36854,4
36855,3
36856,4
36857,3
36858,2
36859,4
36860,2
36861,3
36862,3
36863,3
36864,3
36865,4
36866,4
36867,4
36868,5
36869,4
36870,1
36871,4
36872,3
36873,1
36874,3
36875,5
36876,2
36877,4
36878,4
36879,2
36880,1
36881,4
36882,5
36883,2
36884,4
36885,1
36886,5
36887,3
36888,2
36889,1
36890,1
36891,3
36892,2
36893,5
36894,3
36895,4
36896,1
36897,2
36898,4
36899,2
36900,3
36901,1
36902,3
36903,2
36904,3
36905,5
36906,1
36907,3
36908,4
36909,3
36910,4
36911,4
36912,2
36913,4
36914,4
36915,4
36916,4
36917,3
36918,2
36919,3
36920,2
36921,1
36922,3
36923,2
36924,4
36925,2
36926,1
36927,1
36928,2
36929,1
36930,1
36931,3
36932,2
36933,1
36934,2
36935,1
36936,4
36937,5
36938,4
36939,2
36940,5
36941,3
36942,4
36943,1
36944,3
36945,4
36946,3
36947,4
36948,2
36949,5
36950,4
36951,5
36952,1
36953,3
36954,2
36955,5
36956,2
36957,1
36958,2
36959,1
36960,4
36961,2
36962,4
36963,5
36964,3
36965,3
36966,1
36967,5
36968,4
36969,4
36970,1
36971,4
36972,3
36973,4
36974,1
36975,1
36976,2
36977,1
36978,2
36979,2
36980,4
36981,2
36982,4
36983,5
36984,5
36985,2
36986,3
36987,2
36988,3
36989,2
36990,4
36991,4
36992,2
36993,1
36994,3
36995,3
36996,2
36997,1
36998,3
36999,4
37000,1
37001,4
37002,1
37003,1
37004,4
37005,5
37006,2
37007,3
37008,1
37009,5
37010,2
37011,4
37012,5
37013,1
37014,3
37015,4
37016,3
37017,1
37018,5
37019,4
37020,5
37021,3
37022,3
37023,2
37024,5
37025,3
37026,2
37027,5
37028,5
37029,3
37030,2
37031,5
37032,4
37033,1
37034,4
37035,2
37036,2
37037,4
37038,1
37039,4
37040,5
37041,2
37042,3
37043,4
37044,3
37045,5
37046,4
37047,4
37048,4
37049,2
37050,4
37051,3
37052,5
37053,1
37054,1
37055,3
37056,5
37057,2
37058,1
37059,3
37060,2
37061,4
37062,3
37063,4
37064,2
37065,4
37066,2
37067,1
37068,1
37069,2
37070,3
37071,1
37072,1
37073,1
37074,4
37075,1
37076,3
37077,2
37078,4
37079,1
37080,4
37081,5
37082,4
37083,3
37084,4
37085,5
37086,5
37087,2
37088,5
37089,1
37090,5
37091,4
37092,2
37093,2
37094,1
37095,2
37096,1
37097,4
37098,2
37099,4
37100,4
37101,3
37102,3
37103,4
37104,4
37105,4
37106,2
37107,3
37108,4
37109,1
37110,3
37111,3
37112,1
37113,3
37114,5
37115,1
37116,4
37117,1
37118,1
37119,2
37120,4
37121,1
37122,2
37123,3
37124,5
37125,3
37126,1
37127,3
37128,5
37129,2
37130,2
37131,3
37132,1
37133,4
37134,5
37135,4
37136,5
37137,4
37138,1
37139,2
37140,2
37141,4
37142,1
37143,3
37144,4
37145,3
37146,4
37147,2
37148,5
37149,1
37150,1
37151,4
37152,3
37153,3
37154,5
37155,3
37156,1
37157,1
37158,3
37159,5
37160,1
37161,1
37162,3
37163,4
37164,3
37165,2
37166,3
37167,2
37168,2
37169,3
37170,3
37171,5
37172,4
37173,4
37174,2
37175,2
37176,3
37177,3
37178,2
37179,4
37180,5
37181,3
37182,5
37183,2
37184,4
37185,2
37186,1
37187,1
37188,1
37189,1
37190,2
37191,5
37192,2
37193,2
37194,1
37195,1
37196,2
37197,1
37198,4
37199,2
37200,3
37201,1
37202,1
37203,1
37204,3
37205,3
37206,2
37207,1
37208,5
37209,2
37210,3
37211,5
37212,5
37213,5
37214,5
37215,1
37216,4
37217,3
37218,1
37219,1
37220,3
37221,3
37222,5
37223,2
37224,2
37225,3
37226,1
37227,5
37228,4
37229,1
37230,5
37231,3
37232,5
37233,3
37234,3
37235,5
37236,1
37237,1
37238,3
37239,3
37240,2
37241,1
37242,1
37243,5
37244,3
37245,2
37246,1
37247,3
37248,2
37249,5
37250,5
37251,2
37252,4
37253,2
37254,4
37255,2
37256,5
37257,4
37258,3
37259,4
37260,3
37261,4
37262,4
37263,2
37264,3
37265,5
37266,5
37267,1
37268,3
37269,1
37270,2
37271,2
37272,2
37273,2
37274,4
37275,2
37276,3
37277,1
37278,4
37279,4
37280,4
37281,5
37282,4
37283,2
37284,3
37285,5
37286,3
37287,2
37288,1
37289,2
37290,1
37291,3
37292,5
37293,1
37294,5
37295,1
37296,1
37297,1
37298,4
37299,1
37300,1
37301,1
37302,4
37303,4
37304,4
37305,2
37306,1
37307,5
37308,2
37309,1
37310,5
37311,4
37312,5
37313,4
37314,3
37315,2
37316,1
37317,2
37318,3
37319,2
37320,1
37321,4
37322,4
37323,2
37324,3
37325,2
37326,4
37327,4
37328,3
37329,3
37330,3
37331,5
37332,4
37333,3
37334,4
37335,3
37336,4
37337,4
37338,3
37339,2
37340,5
37341,2
37342,1
37343,1
37344,2
37345,4
37346,4
37347,3
37348,5
37349,4
37350,2
37351,5
37352,4
37353,1
37354,3
37355,5
37356,5
37357,2
37358,5
37359,3
37360,1
37361,5
37362,2
37363,4
37364,4
37365,3
37366,1
37367,5
37368,1
37369,4
37370,2
37371,1
37372,3
37373,2
37374,4
37375,5
37376,3
37377,1
37378,2
37379,3
37380,4
37381,3
37382,3
37383,3
37384,1
37385,4
37386,3
37387,1
37388,2
37389,2
37390,3
37391,5
37392,3
37393,1
37394,4
37395,5
37396,4
37397,5
37398,3
37399,5
37400,4
37401,2
37402,2
37403,4
37404,4
37405,5
37406,1
37407,4
37408,2
37409,5
37410,4
37411,5
37412,5
37413,3
37414,3
37415,4
37416,4
37417,3
37418,5
37419,3
37420,1
37421,4
37422,2
37423,2
37424,5
37425,2
37426,1
37427,2
37428,4
37429,2
37430,4
37431,5
37432,4
37433,4
37434,3
37435,4
37436,1
37437,3
37438,4
37439,3
37440,5
37441,2
37442,5
37443,2
37444,2
37445,5
37446,4
37447,2
37448,3
37449,3
37450,1
37451,4
37452,3
37453,3
37454,3
37455,3
37456,2
37457,4
37458,2
37459,5
37460,5
37461,1
37462,4
37463,2
37464,1
37465,1
37466,4
37467,4
37468,1
37469,3
37470,1
37471,1
37472,4
37473,2
37474,2
37475,4
37476,2
37477,1
37478,2
37479,2
37480,3
37481,1
37482,2
37483,5
37484,3
37485,1
37486,1
37487,3
37488,2
37489,5
37490,5
37491,1
37492,2
37493,4
37494,1
37495,4
37496,1
37497,2
37498,4
37499,3
37500,1
37501,1
37502,5
37503,3
37504,5
37505,3
37506,3
37507,2
37508,1
37509,2
37510,1
37511,1
37512,4
37513,5
37514,3
37515,5
37516,2
37517,2
37518,4
37519,2
37520,4
37521,4
37522,2
37523,3
37524,1
37525,4
37526,5
37527,2
37528,2
37529,3
37530,3
37531,4
37532,4
37533,1
37534,1
37535,1
37536,2
37537,3
37538,5
37539,4
37540,4
37541,5
37542,1
37543,1
37544,3
37545,3
37546,2
37547,5
37548,2
37549,2
37550,5
37551,2
37552,4
37553,4
37554,4
37555,1
37556,4
37557,3
37558,2
37559,1
37560,2
37561,1
37562,3
37563,5
37564,1
37565,3
37566,3
37567,1
37568,1
37569,5
37570,5
37571,4
37572,5
37573,5
37574,5
37575,5
37576,2
37577,4
37578,5
37579,5
37580,4
37581,1
37582,1
37583,1
37584,3
37585,2
37586,5
37587,5
37588,3
37589,1
37590,2
37591,3
37592,3
37593,3
37594,1
37595,2
37596,1
37597,2
37598,2
37599,2
37600,1
37601,1
37602,1
37603,4
37604,5
37605,4
37606,5
37607,2
37608,4
37609,4
37610,3
37611,1
37612,4
37613,5
37614,5
37615,4
37616,3
37617,1
37618,2
37619,1
37620,5
37621,5
37622,1
37623,3
37624,5
37625,1
37626,4
37627,2
37628,1
37629,4
37630,1
37631,3
37632,5
37633,2
37634,1
37635,2
37636,4
37637,3
37638,3
37639,3
37640,4
37641,3
37642,5
37643,1
37644,5
37645,5
37646,2
37647,1
37648,1
37649,5
37650,1
37651,3
37652,4
37653,2
37654,1
37655,4
37656,1
37657,3
37658,3
37659,3
37660,4
37661,2
37662,3
37663,1
37664,1
37665,5
37666,5
37667,1
37668,4
37669,2
37670,5
37671,3
37672,2
37673,1
37674,5
37675,3
37676,1
37677,3
37678,1
37679,1
37680,4
37681,3
37682,5
37683,3
37684,5
37685,1
37686,4
37687,3
37688,2
37689,5
37690,5
37691,1
37692,1
37693,1
37694,5
37695,2
37696,5
37697,5
37698,4
37699,3
37700,1
37701,1
37702,1
37703,3
37704,5
37705,5
37706,1
37707,3
37708,5
37709,3
37710,1
37711,3
37712,3
37713,5
37714,2
37715,1
37716,2
37717,1
37718,1
37719,5
37720,4
37721,1
37722,3
37723,5
37724,3
37725,3
37726,3
37727,1
37728,3
37729,4
37730,1
37731,5
37732,5
37733,1
37734,1
37735,2
37736,3
37737,3
37738,3
37739,4
37740,4
37741,1
37742,1
37743,4
37744,2
37745,2
37746,3
37747,5
37748,1
37749,1
37750,2
37751,1
37752,5
37753,1
37754,1
37755,4
37756,2
37757,5
37758,2
37759,3
37760,1
37761,5
37762,5
37763,3
37764,5
37765,2
37766,4
37767,4
37768,3
37769,4
37770,2
37771,4
37772,1
37773,1
37774,1
37775,5
37776,4
37777,4
37778,3
37779,5
37780,5
37781,1
37782,1
37783,5
37784,2
37785,5
37786,3
37787,5
37788,2
37789,5
37790,4
37791,1
37792,3
37793,3
37794,4
37795,4
37796,4
37797,3
37798,4
37799,1
37800,4
37801,5
37802,4
37803,2
37804,5
37805,4
37806,3
37807,1
37808,5
37809,2
37810,1
37811,1
37812,2
37813,1
37814,3
37815,2
37816,4
37817,5
37818,2
37819,3
37820,3
37821,3
37822,2
37823,5
37824,4
37825,2
37826,2
37827,1
37828,5
37829,4
37830,5
37831,4
37832,1
37833,1
37834,1
37835,5
37836,2
37837,1
37838,1
37839,1
37840,1
37841,1
37842,2
37843,5
37844,2
37845,4
37846,3
37847,5
37848,2
37849,2
37850,3
37851,3
37852,2
37853,3
37854,2
37855,5
37856,1
37857,2
37858,1
37859,4
37860,5
37861,4
37862,5
37863,1
37864,3
37865,4
37866,1
37867,4
37868,2
37869,2
37870,3
37871,3
37872,3
37873,2
37874,5
37875,4
37876,5
37877,4
37878,3
37879,5
37880,3
37881,4
37882,3
37883,4
37884,1
37885,4
37886,5
37887,1
37888,4
37889,4
37890,5
37891,3
37892,4
37893,2
37894,2
37895,2
37896,5
37897,4
37898,3
37899,4
37900,3
37901,4
37902,5
37903,1
37904,4
37905,3
37906,5
37907,5
37908,5
37909,1
37910,2
37911,4
37912,1
37913,1
37914,4
37915,4
37916,3
37917,1
37918,5
37919,5
37920,1
37921,4
37922,1
37923,5
37924,4
37925,3
37926,4
37927,3
37928,3
37929,3
37930,1
37931,1
37932,1
37933,1
37934,1
37935,5
37936,4
37937,5
37938,4
37939,5
37940,5
37941,3
37942,3
37943,1
37944,5
37945,3
37946,2
37947,1
37948,1
37949,1
37950,3
37951,5
37952,2
37953,5
37954,2
37955,1
37956,4
37957,2
37958,5
37959,2
37960,5
37961,2
37962,1
37963,2
37964,1
37965,1
37966,2
37967,2
37968,2
37969,1
37970,1
37971,1
37972,2
37973,5
37974,3
37975,2
37976,5
37977,2
37978,4
37979,1
37980,3
37981,5
37982,3
37983,2
37984,4
37985,4
37986,2
37987,1
37988,2
37989,3
37990,4
37991,3
37992,4
37993,4
37994,4
37995,5
37996,2
37997,3
37998,5
37999,5
38000,4
38001,3
38002,3
38003,3
38004,1
38005,1
38006,1
38007,2
38008,2
38009,1
38010,4
38011,4
38012,4
38013,3
38014,5
38015,5
38016,5
38017,5
38018,3
38019,4
38020,3
38021,3
38022,1
38023,4
38024,5
38025,5
38026,5
38027,4
38028,3
38029,5
38030,2
38031,5
38032,3
38033,4
38034,5
38035,2
38036,3
38037,5
38038,2
38039,3
38040,5
38041,4
38042,4
38043,5
38044,1
38045,5
38046,1
38047,4
38048,2
38049,1
38050,1
38051,2
38052,3
38053,1
38054,4
38055,1
38056,2
38057,4
38058,1
38059,1
38060,2
38061,1
38062,1
38063,2
38064,3
38065,5
38066,3
38067,1
38068,1
38069,3
38070,3
38071,4
38072,5
38073,4
38074,2
38075,1
38076,1
38077,4
38078,4
38079,4
38080,4
38081,3
38082,4
38083,2
38084,2
38085,4
38086,5
38087,1
38088,2
38089,1
38090,4
38091,4
38092,3
38093,4
38094,1
38095,3
38096,3
38097,5
38098,3
38099,2
38100,3
38101,4
38102,3
38103,3
38104,1
38105,3
38106,4
38107,1
38108,5
38109,4
38110,5
38111,4
38112,2
38113,1
38114,2
38115,2
38116,3
38117,3
38118,3
38119,1
38120,3
38121,1
38122,3
38123,1
38124,2
38125,3
38126,4
38127,2
38128,1
38129,3
38130,3
38131,2
38132,4
38133,5
38134,2
38135,3
38136,3
38137,5
38138,2
38139,4
38140,2
38141,1
38142,5
38143,5
38144,1
38145,5
38146,4
38147,4
38148,2
38149,1
38150,3
38151,2
38152,2
38153,4
38154,2
38155,2
38156,1
38157,5
38158,3
38159,1
38160,4
38161,2
38162,3
38163,3
38164,5
38165,1
38166,4
38167,5
38168,4
38169,1
38170,1
38171,5
38172,3
38173,5
38174,3
38175,5
38176,5
38177,2
38178,2
38179,2
38180,4
38181,5
38182,2
38183,2
38184,2
38185,3
38186,1
38187,2
38188,4
38189,2
38190,5
38191,2
38192,3
38193,4
38194,1
38195,5
38196,1
38197,1
38198,2
38199,4
38200,1
38201,2
38202,5
38203,2
38204,1
38205,1
38206,2
38207,2
38208,2
38209,2
38210,2
38211,3
38212,2
38213,1
38214,5
38215,5
38216,5
38217,1
38218,4
38219,4
38220,3
38221,4
38222,1
38223,1
38224,4
38225,2
38226,2
38227,4
38228,5
38229,5
38230,1
38231,3
38232,2
38233,2
38234,3
38235,5
38236,5
38237,3
38238,5
38239,4
38240,5
38241,5
38242,1
38243,5
38244,5
38245,4
38246,4
38247,2
38248,3
38249,3
38250,1
38251,2
38252,1
38253,3
38254,2
38255,1
38256,3
38257,5
38258,5
38259,4
38260,3
38261,2
38262,5
38263,5
38264,2
38265,2
38266,4
38267,3
38268,1
38269,4
38270,3
38271,4
38272,3
38273,1
38274,2
38275,3
38276,1
38277,2
38278,4
38279,3
38280,1
38281,4
38282,2
38283,2
38284,5
38285,2
38286,2
38287,5
38288,4
38289,2
38290,5
38291,4
38292,4
38293,3
38294,4
38295,2
38296,3
38297,3
38298,5
38299,2
38300,2
38301,1
38302,4
38303,3
38304,3
38305,4
38306,2
38307,3
38308,2
38309,2
38310,3
38311,4
38312,3
38313,5
38314,4
38315,3
38316,1
38317,3
38318,3
38319,4
38320,4
38321,1
38322,5
38323,3
38324,4
38325,4
38326,4
38327,2
38328,1
38329,1
38330,5
38331,1
38332,4
38333,4
38334,4
38335,4
38336,3
38337,1
38338,1
38339,2
38340,2
38341,4
38342,2
38343,5
38344,3
38345,3
38346,5
38347,2
38348,5
38349,4
38350,1
38351,4
38352,5
38353,3
38354,5
38355,5
38356,1
38357,3
38358,3
38359,3
38360,4
38361,1
38362,4
38363,1
38364,1
38365,2
38366,3
38367,1
38368,3
38369,3
38370,4
38371,2
38372,2
38373,5
38374,1
38375,4
38376,1
38377,2
38378,2
38379,2
38380,5
38381,4
38382,1
38383,5
38384,3
38385,4
38386,2
38387,1
38388,4
38389,1
38390,1
38391,3
38392,1
38393,2
38394,1
38395,4
38396,2
38397,3
38398,4
38399,2
38400,5
38401,4
38402,1
38403,4
38404,1
38405,4
38406,1
38407,4
38408,5
38409,1
38410,2
38411,5
38412,5
38413,5
38414,1
38415,3
38416,4
38417,2
38418,4
38419,5
38420,1
38421,2
38422,5
38423,5
38424,4
38425,2
38426,4
38427,1
38428,1
38429,5
38430,4
38431,5
38432,1
38433,1
38434,4
38435,1
38436,1
38437,2
38438,3
38439,3
38440,3
38441,5
38442,5
38443,3
38444,3
38445,3
38446,4
38447,5
38448,4
38449,1
38450,1
38451,3
38452,4
38453,1
38454,5
38455,4
38456,2
38457,4
38458,2
38459,3
38460,1
38461,1
38462,1
38463,3
38464,3
38465,3
38466,4
38467,3
38468,1
38469,1
38470,2
38471,5
38472,5
38473,2
38474,1
38475,3
38476,5
38477,3
38478,4
38479,2
38480,5
38481,4
38482,1
38483,3
38484,1
38485,3
38486,5
38487,1
38488,3
38489,1
38490,4
38491,4
38492,2
38493,5
38494,1
38495,5
38496,3
38497,5
38498,2
38499,2
38500,4
38501,2
38502,3
38503,2
38504,4
38505,2
38506,3
38507,2
38508,3
38509,4
38510,1
38511,4
38512,5
38513,2
38514,2
38515,3
38516,2
38517,2
38518,1
38519,1
38520,1
38521,1
38522,1
38523,2
38524,5
38525,2
38526,1
38527,3
38528,1
38529,2
38530,4
38531,1
38532,1
38533,4
38534,5
38535,2
38536,1
38537,2
38538,1
38539,2
38540,2
38541,3
38542,2
38543,2
38544,4
38545,2
38546,4
38547,5
38548,4
38549,1
38550,3
38551,3
38552,1
38553,5
38554,4
38555,4
38556,3
38557,4
38558,3
38559,2
38560,4
38561,3
38562,3
38563,3
38564,1
38565,4
38566,2
38567,1
38568,1
38569,2
38570,5
38571,5
38572,3
38573,3
38574,2
38575,5
38576,2
38577,2
38578,1
38579,5
38580,4
38581,1
38582,3
38583,1
38584,4
38585,4
38586,1
38587,2
38588,5
38589,1
38590,1
38591,2
38592,2
38593,1
38594,1
38595,2
38596,1
38597,5
38598,3
38599,2
38600,4
38601,5
38602,4
38603,1
38604,5
38605,4
38606,5
38607,1
38608,5
38609,2
38610,1
38611,5
38612,2
38613,1
38614,3
38615,2
38616,4
38617,3
38618,2
38619,2
38620,3
38621,4
38622,3
38623,5
38624,5
38625,1
38626,5
38627,5
38628,3
38629,2
38630,3
38631,4
38632,1
38633,2
38634,2
38635,4
38636,5
38637,4
38638,3
38639,3
38640,2
38641,4
38642,1
38643,4
38644,1
38645,3
38646,5
38647,4
38648,1
38649,2
38650,1
38651,3
38652,5
38653,3
38654,1
38655,1
38656,2
38657,4
38658,1
38659,3
38660,4
38661,4
38662,1
38663,5
38664,2
38665,2
38666,1
38667,3
38668,5
38669,5
38670,5
38671,4
38672,1
38673,4
38674,4
38675,4
38676,3
38677,5
38678,1
38679,4
38680,1
38681,1
38682,4
38683,4
38684,1
38685,2
38686,2
38687,2
38688,4
38689,4
38690,1
38691,5
38692,4
38693,2
38694,2
38695,3
38696,5
38697,2
38698,5
38699,5
38700,5
38701,1
38702,2
38703,3
38704,2
38705,5
38706,5
38707,3
38708,3
38709,5
38710,2
38711,2
38712,2
38713,2
38714,1
38715,5
38716,3
38717,4
38718,4
38719,5
38720,4
38721,5
38722,4
38723,3
38724,4
38725,5
38726,2
38727,5
38728,5
38729,5
38730,2
38731,2
38732,1
38733,2
38734,3
38735,5
38736,5
38737,2
38738,5
38739,5
38740,5
38741,2
38742,2
38743,1
38744,3
38745,3
38746,5
38747,5
38748,2
38749,4
38750,5
38751,5
38752,4
38753,2
38754,5
38755,1
38756,4
38757,3
38758,3
38759,3
38760,4
38761,4
38762,5
38763,3
38764,5
38765,2
38766,4
38767,2
38768,1
38769,3
38770,5
38771,4
38772,1
38773,4
38774,1
38775,5
38776,4
38777,3
38778,3
38779,5
38780,1
38781,4
38782,5
38783,1
38784,4
38785,1
38786,2
38787,2
38788,5
38789,4
38790,3
38791,2
38792,2
38793,4
38794,1
38795,2
38796,1
38797,2
38798,1
38799,3
38800,5
38801,4
38802,2
38803,1
38804,2
38805,5
38806,2
38807,3
38808,1
38809,5
38810,1
38811,3
38812,3
38813,4
38814,1
38815,3
38816,3
38817,4
38818,1
38819,3
38820,3
38821,3
38822,4
38823,4
38824,2
38825,4
38826,2
38827,2
38828,5
38829,4
38830,2
38831,2
38832,5
38833,2
38834,4
38835,1
38836,5
38837,2
38838,5
38839,2
38840,2
38841,5
38842,5
38843,4
38844,2
38845,2
38846,4
38847,3
38848,5
38849,4
38850,5
38851,2
38852,4
38853,5
38854,3
38855,2
38856,1
38857,1
38858,2
38859,1
38860,3
38861,4
38862,5
38863,4
38864,3
38865,3
38866,5
38867,3
38868,2
38869,1
38870,5
38871,1
38872,3
38873,2
38874,2
38875,2
38876,2
38877,4
38878,3
38879,2
38880,3
38881,4
38882,3
38883,1
38884,1
38885,1
38886,5
38887,2
38888,4
38889,4
38890,3
38891,2
38892,2
38893,2
38894,5
38895,5
38896,2
38897,5
38898,4
38899,3
38900,5
38901,5
38902,3
38903,3
38904,4
38905,4
38906,4
38907,5
38908,5
38909,4
38910,2
38911,1
38912,2
38913,2
38914,1
38915,1
38916,2
38917,5
38918,5
38919,2
38920,2
38921,3
38922,3
38923,2
38924,1
38925,3
38926,4
38927,2
38928,1
38929,5
38930,2
38931,1
38932,2
38933,2
38934,1
38935,2
38936,5
38937,3
38938,5
38939,3
38940,2
38941,1
38942,4
38943,5
38944,2
38945,3
38946,4
38947,5
38948,3
38949,3
38950,3
38951,5
38952,3
38953,5
38954,2
38955,2
38956,1
38957,1
38958,5
38959,5
38960,3
38961,2
38962,1
38963,4
38964,1
38965,4
38966,2
38967,5
38968,3
38969,5
38970,2
38971,1
38972,1
38973,1
38974,2
38975,3
38976,1
38977,3
38978,5
38979,4
38980,2
38981,3
38982,1
38983,1
38984,4
38985,5
38986,2
38987,5
38988,1
38989,1
38990,3
38991,4
38992,3
38993,3
38994,1
38995,4
38996,3
38997,5
38998,3
38999,3
39000,2
39001,3
39002,2
39003,1
39004,3
39005,3
39006,1
39007,2
39008,4
39009,5
39010,1
39011,1
39012,1
39013,2
39014,3
39015,4
39016,5
39017,5
39018,3
39019,3
39020,2
39021,1
39022,3
39023,2
39024,1
39025,3
39026,3
39027,3
39028,5
39029,5
39030,4
39031,1
39032,5
39033,1
39034,4
39035,2
39036,1
39037,2
39038,1
39039,4
39040,1
39041,5
39042,4
39043,1
39044,2
39045,2
39046,1
39047,2
39048,2
39049,3
39050,1
39051,1
39052,1
39053,4
39054,4
39055,5
39056,5
39057,5
39058,2
39059,3
39060,1
39061,3
39062,4
39063,1
39064,5
39065,3
39066,4
39067,2
39068,4
39069,1
39070,5
39071,2
39072,3
39073,1
39074,5
39075,2
39076,1
39077,3
39078,1
39079,3
39080,1
39081,4
39082,2
39083,1
39084,1
39085,4
39086,1
39087,5
39088,5
39089,4
39090,1
39091,3
39092,5
39093,2
39094,5
39095,5
39096,3
39097,2
39098,2
39099,1
39100,3
39101,1
39102,1
39103,4
39104,3
39105,3
39106,5
39107,2
39108,4
39109,3
39110,1
39111,4
39112,1
39113,2
39114,5
39115,3
39116,5
39117,5
39118,2
39119,4
39120,2
39121,1
39122,4
39123,1
39124,2
39125,1
39126,3
39127,4
39128,1
39129,5
39130,3
39131,3
39132,1
39133,4
39134,4
39135,4
39136,2
39137,5
39138,5
39139,3
39140,1
39141,5
39142,3
39143,5
39144,3
39145,4
39146,4
39147,3
39148,2
39149,2
39150,5
39151,3
39152,3
39153,5
39154,2
39155,1
39156,5
39157,2
39158,3
39159,4
39160,3
39161,2
39162,1
39163,5
39164,4
39165,4
39166,2
39167,4
39168,1
39169,1
39170,1
39171,3
39172,4
39173,4
39174,4
39175,2
39176,2
39177,3
39178,1
39179,2
39180,1
39181,1
39182,1
39183,4
39184,2
39185,1
39186,4
39187,4
39188,1
39189,2
39190,5
39191,1
39192,5
39193,2
39194,2
39195,5
39196,3
39197,2
39198,2
39199,1
39200,3
39201,4
39202,1
39203,4
39204,4
39205,2
39206,3
39207,1
39208,1
39209,2
39210,5
39211,2
39212,2
39213,5
39214,2
39215,5
39216,3
39217,1
39218,4
39219,4
39220,5
39221,2
39222,5
39223,4
39224,5
39225,2
39226,1
39227,4
39228,5
39229,4
39230,2
39231,3
39232,3
39233,1
39234,4
39235,3
39236,5
39237,1
39238,4
39239,4
39240,5
39241,2
39242,4
39243,1
39244,4
39245,3
39246,1
39247,1
39248,2
39249,3
39250,5
39251,4
39252,1
39253,2
39254,4
39255,3
39256,4
39257,5
39258,5
39259,3
39260,5
39261,5
39262,5
39263,5
39264,1
39265,2
39266,2
39267,4
39268,1
39269,3
39270,4
39271,2
39272,1
39273,4
39274,5
39275,5
39276,5
39277,4
39278,5
39279,2
39280,2
39281,2
39282,3
39283,1
39284,3
39285,1
39286,3
39287,5
39288,5
39289,2
39290,5
39291,4
39292,5
39293,5
39294,2
39295,2
39296,4
39297,5
39298,1
39299,1
39300,4
39301,5
39302,5
39303,5
39304,1
39305,5
39306,3
39307,4
39308,5
39309,3
39310,1
39311,3
39312,4
39313,1
39314,1
39315,4
39316,1
39317,5
39318,5
39319,1
39320,4
39321,4
39322,3
39323,1
39324,1
39325,5
39326,3
39327,3
39328,4
39329,4
39330,5
39331,2
39332,4
39333,1
39334,1
39335,5
39336,1
39337,5
39338,5
39339,3
39340,1
39341,2
39342,2
39343,2
39344,2
39345,4
39346,4
39347,5
39348,1
39349,1
39350,4
39351,1
39352,5
39353,4
39354,2
39355,4
39356,4
39357,3
39358,2
39359,4
39360,4
39361,5
39362,3
39363,4
39364,1
39365,4
39366,3
39367,4
39368,5
39369,5
39370,5
39371,5
39372,4
39373,2
39374,4
39375,3
39376,5
39377,4
39378,2
39379,5
39380,1
39381,1
39382,1
39383,4
39384,2
39385,3
39386,5
39387,4
39388,5
39389,2
39390,1
39391,5
39392,1
39393,2
39394,1
39395,4
39396,2
39397,3
39398,4
39399,2
39400,1
39401,3
39402,1
39403,1
39404,2
39405,1
39406,2
39407,4
39408,2
39409,1
39410,1
39411,4
39412,5
39413,2
39414,5
39415,3
39416,1
39417,2
39418,2
39419,4
39420,2
39421,2
39422,3
39423,4
39424,5
39425,3
39426,2
39427,1
39428,2
39429,3
39430,4
39431,2
39432,1
39433,5
39434,1
39435,5
39436,4
39437,3
39438,3
39439,2
39440,4
39441,2
39442,3
39443,2
39444,2
39445,2
39446,4
39447,2
39448,5
39449,1
39450,4
39451,3
39452,5
39453,3
39454,5
39455,3
39456,1
39457,2
39458,3
39459,2
39460,1
39461,3
39462,1
39463,1
39464,1
39465,1
39466,1
39467,2
39468,4
39469,1
39470,2
39471,1
39472,2
39473,1
39474,1
39475,5
39476,4
39477,3
39478,3
39479,1
39480,2
39481,5
39482,2
39483,5
39484,3
39485,3
39486,1
39487,4
39488,3
39489,5
39490,5
39491,3
39492,5
39493,1
39494,1
39495,2
39496,2
39497,1
39498,4
39499,3
39500,2
39501,5
39502,3
39503,4
39504,2
39505,2
39506,2
39507,2
39508,3
39509,4
39510,1
39511,3
39512,1
39513,1
39514,4
39515,5
39516,5
39517,1
39518,2
39519,5
39520,2
39521,5
39522,4
39523,2
39524,5
39525,1
39526,4
39527,1
39528,4
39529,5
39530,1
39531,4
39532,5
39533,4
39534,3
39535,2
39536,3
39537,3
39538,5
39539,5
39540,5
39541,1
39542,5
39543,1
39544,5
39545,2
39546,5
39547,5
39548,4
39549,5
39550,3
39551,5
39552,1
39553,2
39554,3
39555,3
39556,2
39557,3
39558,5
39559,2
39560,5
39561,2
39562,5
39563,2
39564,4
39565,2
39566,3
39567,5
39568,1
39569,1
39570,2
39571,5
39572,1
39573,1
39574,4
39575,4
39576,4
39577,5
39578,5
39579,2
39580,5
39581,2
39582,2
39583,3
39584,4
39585,5
39586,1
39587,4
39588,5
39589,1
39590,1
39591,4
39592,1
39593,4
39594,2
39595,2
39596,5
39597,1
39598,5
39599,3
39600,1
39601,4
39602,4
39603,3
39604,3
39605,5
39606,3
39607,4
39608,4
39609,3
39610,1
39611,2
39612,5
39613,3
39614,4
39615,1
39616,3
39617,2
39618,3
39619,3
39620,4
39621,3
39622,5
39623,1
39624,5
39625,1
39626,1
39627,3
39628,4
39629,4
39630,4
39631,3
39632,2
39633,5
39634,1
39635,3
39636,5
39637,3
39638,2
39639,2
39640,4
39641,5
39642,5
39643,1
39644,5
