"id","popularity"
30001,2
30002,2
30003,2
30004,1
30005,2
30006,2
30007,1
30008,2
30009,2
30010,2
30011,1
30012,2
30013,1
30014,2
30015,1
30016,1
30017,2
30018,2
30019,2
30020,2
30021,2
30022,2
30023,2
30024,2
30025,2
30026,1
30027,1
30028,1
30029,1
30030,2
30031,1
30032,1
30033,2
30034,2
30035,1
30036,2
30037,2
30038,2
30039,2
30040,1
30041,2
30042,1
30043,2
30044,2
30045,2
30046,2
30047,2
30048,1
30049,2
30050,2
30051,2
30052,2
30053,2
30054,2
30055,2
30056,2
30057,2
30058,2
30059,2
30060,1
30061,2
30062,2
30063,1
30064,2
30065,1
30066,1
30067,3
30068,2
30069,1
30070,2
30071,2
30072,2
30073,2
30074,2
30075,2
30076,1
30077,2
30078,2
30079,2
30080,2
30081,1
30082,2
30083,1
30084,2
30085,2
30086,2
30087,2
30088,2
30089,1
30090,2
30091,2
30092,2
30093,1
30094,2
30095,1
30096,2
30097,1
30098,2
30099,2
30100,2
30101,2
30102,2
30103,2
30104,2
30105,2
30106,2
30107,2
30108,2
30109,2
30110,2
30111,1
30112,2
30113,2
30114,2
30115,2
30116,1
30117,2
30118,2
30119,2
30120,1
30121,2
30122,2
30123,2
30124,2
30125,2
30126,2
30127,2
30128,1
30129,2
30130,2
30131,2
30132,2
30133,1
30134,1
30135,1
30136,2
30137,2
30138,2
30139,2
30140,1
30141,1
30142,2
30143,2
30144,2
30145,1
30146,2
30147,2
30148,2
30149,2
30150,2
30151,2
30152,2
30153,2
30154,3
30155,2
30156,2
30157,2
30158,2
30159,2
30160,2
30161,2
30162,2
30163,2
30164,2
30165,1
30166,1
30167,2
30168,2
30169,3
30170,2
30171,1
30172,2
30173,1
30174,2
30175,2
30176,1
30177,2
30178,2
30179,2
30180,1
30181,2
30182,2
30183,2
30184,2
30185,2
30186,2
30187,2
30188,1
30189,2
30190,2
30191,2
30192,2
30193,2
30194,2
30195,2
30196,1
30197,2
30198,2
30199,2
30200,2
30201,2
30202,1
30203,2
30204,2
30205,2
30206,2
30207,2
30208,2
30209,2
30210,2
30211,1
30212,1
30213,2
30214,1
30215,2
30216,2
30217,2
30218,2
30219,2
30220,2
30221,2
30222,2
30223,2
30224,2
30225,1
30226,2
30227,1
30228,2
30229,3
30230,2
30231,2
30232,1
30233,2
30234,2
30235,2
30236,2
30237,2
30238,2
30239,2
30240,2
30241,2
30242,2
30243,2
30244,2
30245,2
30246,2
30247,2
30248,1
30249,2
30250,1
30251,2
30252,2
30253,1
30254,2
30255,2
30256,1
30257,2
30258,2
30259,1
30260,2
30261,2
30262,2
30263,1
30264,1
30265,2
30266,1
30267,2
30268,2
30269,2
30270,2
30271,2
30272,2
30273,1
30274,2
30275,2
30276,2
30277,2
30278,2
30279,1
30280,2
30281,2
30282,2
30283,2
30284,1
30285,2
30286,2
30287,2
30288,1
30289,2
30290,2
30291,2
30292,2
30293,2
30294,2
30295,1
30296,2
30297,1
30298,1
30299,2
30300,2
30301,2
30302,2
30303,2
30304,2
30305,2
30306,1
30307,2
30308,2
30309,2
30310,2
30311,1
30312,1
30313,2
30314,2
30315,1
30316,2
30317,1
30318,2
30319,2
30320,1
30321,2
30322,2
30323,2
30324,2
30325,1
30326,2
30327,1
30328,1
30329,1
30330,1
30331,2
30332,2
30333,1
30334,1
30335,2
30336,2
30337,2
30338,2
30339,1
30340,1
30341,2
30342,1
30343,2
30344,2
30345,2
30346,2
30347,2
30348,1
30349,2
30350,1
30351,2
30352,2
30353,2
30354,2
30355,1
30356,1
30357,2
30358,1
30359,2
30360,2
30361,1
30362,2
30363,2
30364,1
30365,2
30366,2
30367,2
30368,2
30369,2
30370,2
30371,3
30372,2
30373,1
30374,2
30375,2
30376,3
30377,2
30378,2
30379,2
30380,2
30381,2
30382,2
30383,2
30384,2
30385,1
30386,1
30387,2
30388,1
30389,2
30390,2
30391,2
30392,1
30393,1
30394,1
30395,2
30396,2
30397,2
30398,2
30399,2
30400,2
30401,2
30402,2
30403,2
30404,2
30405,2
30406,2
30407,2
30408,1
30409,2
30410,2
30411,2
30412,2
30413,2
30414,2
30415,1
30416,2
30417,2
30418,2
30419,2
30420,1
30421,1
30422,2
30423,2
30424,1
30425,1
30426,2
30427,1
30428,2
30429,2
30430,2
30431,1
30432,2
30433,2
30434,2
30435,2
30436,1
30437,2
30438,1
30439,1
30440,2
30441,2
30442,2
30443,2
30444,2
30445,2
30446,2
30447,2
30448,2
30449,2
30450,2
30451,2
30452,1
30453,2
30454,2
30455,1
30456,2
30457,2
30458,1
30459,2
30460,2
30461,2
30462,2
30463,1
30464,2
30465,2
30466,2
30467,3
30468,2
30469,1
30470,2
30471,1
30472,1
30473,2
30474,2
30475,2
30476,1
30477,2
30478,2
30479,2
30480,1
30481,2
30482,2
30483,2
30484,1
30485,2
30486,1
30487,2
30488,2
30489,2
30490,1
30491,2
30492,1
30493,2
30494,2
30495,2
30496,2
30497,2
30498,1
30499,2
30500,2
30501,2
30502,2
30503,2
30504,1
30505,1
30506,2
30507,3
30508,2
30509,1
30510,2
30511,2
30512,2
30513,2
30514,2
30515,2
30516,2
30517,1
30518,2
30519,2
30520,1
30521,2
30522,2
30523,2
30524,2
30525,1
30526,2
30527,1
30528,1
30529,2
30530,1
30531,1
30532,2
30533,2
30534,2
30535,2
30536,2
30537,2
30538,2
30539,2
30540,1
30541,2
30542,2
30543,2
30544,2
30545,2
30546,2
30547,2
30548,2
30549,3
30550,2
30551,2
30552,2
30553,2
30554,2
30555,2
30556,2
30557,2
30558,1
30559,2
30560,1
30561,2
30562,2
30563,2
30564,2
30565,1
30566,2
30567,2
30568,2
30569,2
30570,2
30571,1
30572,2
30573,2
30574,2
30575,2
30576,2
30577,2
30578,2
30579,2
30580,2
30581,1
30582,2
30583,1
30584,1
30585,2
30586,1
30587,2
30588,1
30589,2
30590,2
30591,2
30592,2
30593,2
30594,2
30595,2
30596,2
30597,2
30598,1
30599,2
30600,2
30601,2
30602,2
30603,2
30604,2
30605,2
30606,2
30607,2
30608,2
30609,1
30610,1
30611,2
30612,2
30613,2
30614,2
30615,2
30616,1
30617,2
30618,1
30619,1
30620,2
30621,2
30622,2
30623,2
30624,2
30625,2
30626,1
30627,1
30628,2
30629,2
30630,4
30631,2
30632,2
30633,1
30634,2
30635,1
30636,2
30637,1
30638,2
30639,2
30640,2
30641,2
30642,2
30643,2
30644,2
30645,1
30646,2
30647,1
30648,2
30649,2
30650,2
30651,2
30652,2
30653,1
30654,2
30655,1
30656,1
30657,1
30658,2
30659,2
30660,2
30661,2
30662,2
30663,2
30664,2
30665,1
30666,2
30667,2
30668,1
30669,2
30670,2
30671,1
30672,2
30673,3
30674,2
30675,2
30676,2
30677,2
30678,2
30679,2
30680,2
30681,2
30682,2
30683,2
30684,1
30685,2
30686,2
30687,2
30688,1
30689,2
30690,2
30691,2
30692,1
30693,2
30694,1
30695,2
30696,2
30697,2
30698,2
30699,2
30700,1
30701,2
30702,2
30703,2
30704,1
30705,2
30706,2
30707,2
30708,2
30709,2
30710,2
30711,2
30712,2
30713,2
30714,1
30715,2
30716,2
30717,1
30718,2
30719,2
30720,2
30721,1
30722,2
30723,2
30724,1
30725,1
30726,2
30727,2
30728,2
30729,1
30730,2
30731,1
30732,2
30733,1
30734,2
30735,1
30736,2
30737,1
30738,2
30739,2
30740,2
30741,2
30742,2
30743,2
30744,2
30745,2
30746,2
30747,2
30748,1
30749,1
30750,2
30751,2
30752,2
30753,1
30754,2
30755,1
30756,2
30757,2
30758,2
30759,2
30760,2
30761,2
30762,2
30763,1
30764,1
30765,2
30766,2
30767,2
30768,2
30769,1
30770,1
30771,2
30772,2
30773,1
30774,1
30775,2
30776,2
30777,2
30778,2
30779,2
30780,2
30781,1
30782,2
30783,2
30784,2
30785,1
30786,1
30787,2
30788,1
30789,2
30790,2
30791,2
30792,2
30793,2
30794,2
30795,2
30796,2
30797,2
30798,2
30799,2
30800,2
30801,2
30802,1
30803,2
30804,2
30805,1
30806,2
30807,2
30808,1
30809,2
30810,2
30811,1
30812,2
30813,2
30814,2
30815,2
30816,2
30817,2
30818,1
30819,1
30820,2
30821,2
30822,2
30823,2
30824,1
30825,3
30826,2
30827,2
30828,2
30829,2
30830,2
30831,1
30832,1
30833,2
30834,2
30835,2
30836,1
30837,2
30838,2
30839,2
30840,2
30841,2
30842,2
30843,1
30844,1
30845,1
30846,1
30847,1
30848,1
30849,1
30850,1
30851,2
30852,1
30853,2
30854,2
30855,2
30856,2
30857,1
30858,2
30859,2
30860,1
30861,2
30862,2
30863,2
30864,2
30865,2
30866,2
30867,2
30868,1
30869,1
30870,2
30871,2
30872,2
30873,2
30874,2
30875,2
30876,2
30877,1
30878,2
30879,2
30880,3
30881,2
30882,2
30883,2
30884,2
30885,2
30886,2
30887,2
30888,1
30889,2
30890,2
30891,2
30892,2
30893,2
30894,2
30895,1
30896,2
30897,2
30898,1
30899,1
30900,2
30901,2
30902,2
30903,2
30904,2
30905,2
30906,2
30907,2
30908,2
30909,2
30910,2
30911,1
30912,2
30913,2
30914,2
30915,2
30916,2
30917,2
30918,2
30919,2
30920,1
30921,2
30922,2
30923,1
30924,1
30925,2
30926,2
30927,2
30928,2
30929,2
30930,2
30931,2
30932,1
30933,1
30934,2
30935,2
30936,2
30937,1
30938,2
30939,1
30940,2
30941,2
30942,1
30943,1
30944,3
30945,1
30946,2
30947,2
30948,2
30949,2
30950,1
30951,1
30952,2
30953,2
30954,2
30955,2
30956,1
30957,2
30958,2
30959,2
30960,1
30961,2
30962,2
30963,2
30964,2
30965,2
30966,1
30967,1
30968,2
30969,2
30970,1
30971,2
30972,2
30973,1
30974,2
30975,2
30976,2
30977,2
30978,2
30979,1
30980,1
30981,2
30982,1
30983,2
30984,2
30985,2
30986,2
30987,2
30988,1
30989,2
30990,2
30991,2
30992,2
30993,2
30994,2
30995,2
30996,2
30997,1
30998,2
30999,2
31000,2
31001,2
31002,1
31003,2
31004,2
31005,1
31006,1
31007,2
31008,2
31009,1
31010,2
31011,2
31012,1
31013,2
31014,2
31015,1
31016,2
31017,2
31018,2
31019,2
31020,1
31021,2
31022,1
31023,1
31024,2
31025,2
31026,2
31027,1
31028,2
31029,2
31030,2
31031,2
31032,1
31033,2
31034,2
31035,1
31036,2
31037,1
31038,2
31039,1
31040,2
31041,2
31042,2
31043,2
31044,2
31045,2
31046,1
31047,1
31048,1
31049,2
31050,1
31051,2
31052,2
31053,2
31054,2
31055,2
31056,1
31057,2
31058,1
31059,1
31060,2
31061,2
31062,3
31063,2
31064,1
31065,2
31066,1
31067,1
31068,1
31069,2
31070,2
31071,2
31072,1
31073,2
31074,2
31075,2
31076,2
31077,2
31078,2
31079,2
31080,2
31081,2
31082,2
31083,2
31084,2
31085,2
31086,2
31087,2
31088,2
31089,1
31090,2
31091,1
31092,1
31093,2
31094,2
31095,2
31096,2
31097,2
31098,2
31099,2
31100,2
31101,2
31102,1
31103,2
31104,2
31105,2
31106,2
31107,2
31108,2
31109,2
31110,2
31111,2
31112,2
31113,2
31114,2
31115,2
31116,2
31117,2
31118,2
31119,2
31120,1
31121,2
31122,2
31123,2
31124,1
31125,2
31126,2
31127,2
31128,1
31129,1
31130,2
31131,2
31132,2
31133,2
31134,2
31135,2
31136,2
31137,2
31138,2
31139,2
31140,2
31141,1
31142,2
31143,3
31144,2
31145,2
31146,2
31147,2
31148,1
31149,2
31150,2
31151,2
31152,1
31153,1
31154,2
31155,2
31156,2
31157,2
31158,2
31159,2
31160,2
31161,2
31162,2
31163,1
31164,1
31165,2
31166,2
31167,2
31168,2
31169,1
31170,2
31171,2
31172,2
31173,2
31174,1
31175,1
31176,2
31177,1
31178,2
31179,2
31180,1
31181,2
31182,2
31183,2
31184,1
31185,2
31186,2
31187,2
31188,1
31189,2
31190,2
31191,2
31192,2
31193,3
31194,2
31195,2
31196,2
31197,2
31198,1
31199,2
31200,2
31201,2
31202,2
31203,2
31204,2
31205,2
31206,2
31207,1
31208,2
31209,2
31210,2
31211,2
31212,2
31213,2
31214,2
31215,2
31216,2
31217,2
31218,2
31219,1
31220,2
31221,2
31222,2
31223,2
31224,2
31225,2
31226,2
31227,2
31228,1
31229,2
31230,3
31231,1
31232,1
31233,1
31234,2
31235,2
31236,2
31237,1
31238,1
31239,2
31240,2
31241,2
31242,2
31243,2
31244,2
31245,2
31246,1
31247,2
31248,2
31249,2
31250,2
31251,1
31252,2
31253,2
31254,2
31255,1
31256,2
31257,2
31258,2
31259,1
31260,1
31261,2
31262,2
31263,2
31264,2
31265,2
31266,2
31267,2
31268,2
31269,2
31270,2
31271,3
31272,2
31273,2
31274,5
31275,1
31276,2
31277,1
31278,2
31279,2
31280,2
31281,2
31282,2
31283,1
31284,2
31285,1
31286,2
31287,2
31288,2
31289,1
31290,2
31291,2
31292,2
31293,2
31294,1
31295,1
31296,1
31297,2
31298,2
31299,2
31300,2
31301,1
31302,2
31303,2
31304,2
31305,2
31306,2
31307,1
31308,2
31309,2
31310,2
31311,1
31312,3
31313,2
31314,2
31315,2
31316,2
31317,2
31318,2
31319,2
31320,2
31321,2
31322,2
31323,1
31324,2
31325,2
31326,2
31327,2
31328,2
31329,2
31330,2
31331,2
31332,2
31333,1
31334,2
31335,1
31336,2
31337,1
31338,2
31339,1
31340,2
31341,1
31342,2
31343,2
31344,3
31345,2
31346,1
31347,2
31348,1
31349,1
31350,2
31351,2
31352,2
31353,2
31354,1
31355,2
31356,2
31357,1
31358,2
31359,3
31360,2
31361,1
31362,2
31363,2
31364,2
31365,2
31366,1
31367,2
31368,2
31369,2
31370,1
31371,2
31372,2
31373,2
31374,1
31375,1
31376,1
31377,2
31378,2
31379,2
31380,2
31381,1
31382,1
31383,3
31384,2
31385,2
31386,2
31387,2
31388,1
31389,2
31390,2
31391,2
31392,2
31393,2
31394,1
31395,2
31396,1
31397,2
31398,2
31399,2
31400,2
31401,2
31402,2
31403,2
31404,2
31405,2
31406,2
31407,2
31408,1
31409,1
31410,2
31411,2
31412,2
31413,1
31414,2
31415,2
31416,2
31417,2
31418,2
31419,2
31420,2
31421,3
31422,1
31423,2
31424,2
31425,2
31426,2
31427,2
31428,2
31429,2
31430,2
31431,2
31432,2
31433,2
31434,2
31435,2
31436,2
31437,1
31438,2
31439,2
31440,2
31441,1
31442,2
31443,2
31444,1
31445,3
31446,2
31447,1
31448,3
31449,2
31450,2
31451,2
31452,3
31453,1
31454,1
31455,2
31456,2
31457,2
31458,3
31459,2
31460,2
31461,2
31462,2
31463,2
31464,2
31465,2
31466,1
31467,1
31468,2
31469,2
31470,2
31471,2
31472,2
31473,1
31474,1
31475,1
31476,2
31477,2
31478,2
31479,2
31480,2
31481,2
31482,2
31483,2
31484,2
31485,2
31486,2
31487,2
31488,2
31489,1
31490,2
31491,1
31492,2
31493,2
31494,2
31495,2
31496,2
31497,2
31498,2
31499,2
31500,2
31501,2
31502,2
31503,2
31504,2
31505,2
31506,2
31507,2
31508,3
31509,2
31510,1
31511,1
31512,2
31513,2
31514,2
31515,2
31516,2
31517,3
31518,1
31519,2
31520,2
31521,2
31522,2
31523,2
31524,2
31525,2
31526,2
31527,1
31528,2
31529,2
31530,2
31531,2
31532,2
31533,1
31534,2
31535,1
31536,2
31537,1
31538,2
31539,2
31540,2
31541,2
31542,2
31543,1
31544,2
31545,2
31546,2
31547,2
31548,2
31549,2
31550,1
31551,2
31552,2
31553,1
31554,2
31555,2
31556,2
31557,2
31558,1
31559,1
31560,2
31561,2
31562,2
31563,2
31564,2
31565,2
31566,2
31567,2
31568,2
31569,1
31570,2
31571,2
31572,2
31573,2
31574,1
31575,2
31576,2
31577,2
31578,2
31579,2
31580,2
31581,2
31582,2
31583,1
31584,2
31585,1
31586,2
31587,1
31588,2
31589,2
31590,2
31591,1
31592,2
31593,2
31594,1
31595,2
31596,2
31597,2
31598,2
31599,2
31600,3
31601,1
31602,2
31603,2
31604,2
31605,2
31606,2
31607,2
31608,2
31609,1
31610,2
31611,2
31612,2
31613,2
31614,2
31615,2
31616,2
31617,2
31618,2
31619,2
31620,2
31621,2
31622,2
31623,2
31624,2
31625,2
31626,2
31627,1
31628,2
31629,2
31630,2
31631,2
31632,2
31633,2
31634,1
31635,2
31636,2
31637,2
31638,2
31639,2
31640,2
31641,4
31642,2
31643,2
31644,2
31645,2
31646,1
31647,2
31648,1
31649,2
31650,2
31651,1
31652,2
31653,2
31654,2
31655,2
31656,2
31657,3
31658,2
31659,2
31660,1
31661,2
31662,2
31663,2
31664,2
31665,2
31666,2
31667,2
31668,1
31669,2
31670,2
31671,2
31672,1
31673,2
31674,1
31675,2
31676,2
31677,2
31678,2
31679,1
31680,2
31681,2
31682,2
31683,2
31684,2
31685,2
31686,2
31687,2
31688,2
31689,2
31690,2
31691,2
31692,2
31693,2
31694,2
31695,2
31696,1
31697,1
31698,2
31699,1
31700,2
31701,1
31702,1
31703,1
31704,2
31705,2
31706,3
31707,2
31708,1
31709,1
31710,3
31711,2
31712,2
31713,2
31714,2
31715,2
31716,2
31717,2
31718,1
31719,2
31720,1
31721,2
31722,1
31723,1
31724,1
31725,2
31726,2
31727,1
31728,2
31729,2
31730,2
31731,1
31732,1
31733,1
31734,1
31735,2
31736,2
31737,3
31738,2
31739,2
31740,2
31741,3
31742,2
31743,2
31744,2
31745,1
31746,2
31747,2
31748,2
31749,1
31750,1
31751,2
31752,2
31753,1
31754,2
31755,2
31756,2
31757,1
31758,2
31759,2
31760,1
31761,2
31762,1
31763,2
31764,2
31765,2
31766,2
31767,1
31768,1
31769,2
31770,3
31771,2
31772,2
31773,2
31774,2
31775,2
31776,2
31777,1
31778,2
31779,2
31780,2
31781,2
31782,2
31783,2
31784,2
31785,1
31786,2
31787,1
31788,2
31789,1
31790,2
31791,2
31792,3
31793,2
31794,1
31795,2
31796,2
31797,2
31798,2
31799,2
31800,2
31801,1
31802,2
31803,2
31804,1
31805,2
31806,2
31807,1
31808,2
31809,2
31810,2
31811,1
31812,2
31813,1
31814,2
31815,2
31816,2
31817,2
31818,1
31819,2
31820,2
31821,2
31822,2
31823,2
31824,1
31825,1
31826,1
31827,2
31828,2
31829,2
31830,1
31831,2
31832,2
31833,2
31834,2
31835,2
31836,2
31837,4
31838,2
31839,2
31840,2
31841,2
31842,2
31843,2
31844,2
31845,1
31846,2
31847,2
31848,2
31849,2
31850,2
31851,3
31852,2
31853,2
31854,2
31855,2
31856,1
31857,2
31858,2
31859,2
31860,2
31861,1
31862,1
31863,2
31864,1
31865,2
31866,2
31867,2
31868,2
31869,2
31870,2
31871,2
31872,1
31873,2
31874,2
31875,2
31876,2
31877,1
31878,2
31879,1
31880,1
31881,2
31882,2
31883,2
31884,2
31885,1
31886,1
31887,3
31888,1
31889,2
31890,2
31891,1
31892,2
31893,2
31894,2
31895,2
31896,2
31897,2
31898,2
31899,2
31900,3
31901,2
31902,1
31903,2
31904,2
31905,2
31906,2
31907,2
31908,2
31909,2
31910,1
31911,2
31912,2
31913,2
31914,2
31915,2
31916,2
31917,2
31918,2
31919,2
31920,2
31921,2
31922,2
31923,2
31924,2
31925,1
31926,1
31927,1
31928,2
31929,1
31930,2
31931,2
31932,1
31933,2
31934,1
31935,2
31936,2
31937,4
31938,2
31939,1
31940,2
31941,1
31942,1
31943,1
31944,2
31945,1
31946,2
31947,1
31948,1
31949,1
31950,2
31951,1
31952,2
31953,2
31954,2
31955,2
31956,2
31957,2
31958,1
31959,3
31960,2
31961,2
31962,2
31963,2
31964,2
31965,2
31966,2
31967,2
31968,1
31969,2
31970,1
31971,2
31972,1
31973,3
31974,1
31975,2
31976,2
31977,2
31978,1
31979,2
31980,2
31981,2
31982,2
31983,1
31984,2
31985,2
31986,2
31987,2
31988,2
31989,2
31990,2
31991,3
31992,2
31993,2
31994,1
31995,2
31996,2
31997,2
31998,1
31999,2
32000,2
32001,1
32002,2
32003,2
32004,2
32005,2
32006,1
32007,1
32008,1
32009,2
32010,2
32011,2
32012,2
32013,1
32014,2
32015,2
32016,1
32017,2
32018,2
32019,2
32020,2
32021,2
32022,2
32023,2
32024,2
32025,2
32026,3
32027,2
32028,2
32029,2
32030,2
32031,2
32032,2
32033,1
32034,2
32035,2
32036,2
32037,2
32038,2
32039,2
32040,2
32041,2
32042,2
32043,1
32044,2
32045,2
32046,2
32047,2
32048,2
32049,1
32050,2
32051,2
32052,2
32053,2
32054,2
32055,2
32056,2
32057,2
32058,2
32059,2
32060,2
32061,1
32062,2
32063,2
32064,2
32065,2
32066,2
32067,2
32068,2
32069,2
32070,2
32071,1
32072,2
32073,2
32074,2
32075,1
32076,2
32077,2
32078,2
32079,2
32080,2
32081,1
32082,2
32083,2
32084,2
32085,2
32086,2
32087,2
32088,2
32089,2
32090,2
32091,2
32092,2
32093,2
32094,2
32095,2
32096,2
32097,2
32098,2
32099,2
32100,2
32101,2
32102,1
32103,1
32104,2
32105,2
32106,2
32107,2
32108,2
32109,1
32110,2
32111,2
32112,2
32113,2
32114,2
32115,2
32116,1
32117,1
32118,2
32119,2
32120,2
32121,2
32122,2
32123,1
32124,1
32125,2
32126,2
32127,1
32128,2
32129,2
32130,2
32131,2
32132,2
32133,2
32134,1
32135,2
32136,2
32137,2
32138,2
32139,2
32140,2
32141,2
32142,1
32143,2
32144,2
32145,2
32146,2
32147,2
32148,1
32149,2
32150,2
32151,2
32152,2
32153,2
32154,2
32155,2
32156,2
32157,1
32158,2
32159,2
32160,1
32161,2
32162,2
32163,2
32164,2
32165,2
32166,2
32167,2
32168,2
32169,2
32170,2
32171,3
32172,2
32173,2
32174,2
32175,1
32176,2
32177,1
32178,1
32179,2
32180,2
32181,2
32182,1
32183,2
32184,2
32185,2
32186,2
32187,2
32188,2
32189,2
32190,1
32191,1
32192,2
32193,1
32194,2
32195,2
32196,2
32197,1
32198,1
32199,2
32200,3
32201,1
32202,2
32203,2
32204,1
32205,2
32206,2
32207,2
32208,2
32209,2
32210,1
32211,2
32212,1
32213,2
32214,2
32215,2
32216,2
32217,2
32218,2
32219,2
32220,1
32221,2
32222,1
32223,2
32224,2
32225,2
32226,2
32227,2
32228,2
32229,2
32230,2
32231,2
32232,2
32233,2
32234,2
32235,2
32236,2
32237,1
32238,1
32239,1
32240,2
32241,2
32242,3
32243,2
32244,2
32245,2
32246,2
32247,2
32248,1
32249,2
32250,2
32251,1
32252,2
32253,2
32254,2
32255,2
32256,2
32257,2
32258,2
32259,2
32260,1
32261,3
32262,2
32263,2
32264,1
32265,1
32266,2
32267,2
32268,1
32269,2
32270,2
32271,3
32272,2
32273,2
32274,2
32275,2
32276,2
32277,2
32278,1
32279,2
32280,2
32281,2
32282,2
32283,2
32284,1
32285,2
32286,2
32287,2
32288,2
32289,2
32290,2
32291,2
32292,2
32293,2
32294,2
32295,2
32296,2
32297,2
32298,2
32299,2
32300,2
32301,2
32302,2
32303,2
32304,2
32305,2
32306,2
32307,2
32308,3
32309,2
32310,1
32311,1
32312,2
32313,2
32314,1
32315,2
32316,2
32317,1
32318,1
32319,1
32320,2
32321,2
32322,1
32323,2
32324,2
32325,2
32326,2
32327,2
32328,2
32329,2
32330,2
32331,2
32332,2
32333,3
32334,2
32335,2
32336,2
32337,2
32338,1
32339,2
32340,2
32341,1
32342,2
32343,1
32344,2
32345,2
32346,2
32347,2
32348,1
32349,1
32350,2
32351,2
32352,1
32353,2
32354,2
32355,2
32356,1
32357,2
32358,2
32359,2
32360,2
32361,1
32362,2
32363,1
32364,2
32365,1
32366,2
32367,2
32368,1
32369,2
32370,2
32371,2
32372,3
32373,2
32374,2
32375,2
32376,2
32377,2
32378,2
32379,2
32380,2
32381,2
32382,1
32383,2
32384,2
32385,1
32386,2
32387,1
32388,2
32389,2
32390,2
32391,2
32392,3
32393,2
32394,2
32395,2
32396,1
32397,1
32398,1
32399,2
32400,1
32401,2
32402,1
32403,2
32404,2
32405,2
32406,2
32407,2
32408,2
32409,2
32410,2
32411,1
32412,2
32413,2
32414,2
32415,2
32416,2
32417,2
32418,1
32419,2
32420,1
32421,2
32422,2
32423,1
32424,2
32425,2
32426,2
32427,1
32428,2
32429,1
32430,2
32431,1
32432,2
32433,2
32434,2
32435,2
32436,2
32437,2
32438,2
32439,2
32440,1
32441,2
32442,2
32443,2
32444,2
32445,2
32446,2
32447,2
32448,2
32449,2
32450,2
32451,2
32452,1
32453,2
32454,2
32455,1
32456,2
32457,1
32458,2
32459,2
32460,1
32461,2
32462,2
32463,2
32464,2
32465,2
32466,2
32467,2
32468,2
32469,1
32470,3
32471,2
32472,2
32473,2
32474,2
32475,2
32476,2
32477,2
32478,2
32479,2
32480,2
32481,2
32482,2
32483,1
32484,2
32485,2
32486,2
32487,1
32488,1
32489,1
32490,2
32491,1
32492,2
32493,2
32494,2
32495,2
32496,1
32497,2
32498,2
32499,2
32500,1
32501,2
32502,2
32503,2
32504,2
32505,2
32506,2
32507,1
32508,2
32509,2
32510,2
32511,1
32512,1
32513,2
32514,1
32515,2
32516,2
32517,2
32518,2
32519,2
32520,1
32521,2
32522,1
32523,2
32524,2
32525,1
32526,2
32527,2
32528,2
32529,2
32530,2
32531,2
32532,2
32533,2
32534,1
32535,2
32536,2
32537,2
32538,2
32539,1
32540,2
32541,1
32542,2
32543,1
32544,2
32545,1
32546,2
32547,2
32548,2
32549,2
32550,1
32551,2
32552,1
32553,2
32554,2
32555,2
32556,2
32557,2
32558,2
32559,2
32560,1
32561,2
32562,1
32563,2
32564,2
32565,1
32566,2
32567,2
32568,2
32569,1
32570,2
32571,2
32572,2
32573,2
32574,2
32575,2
32576,2
32577,2
32578,1
32579,1
32580,2
32581,2
32582,2
32583,2
32584,2
32585,2
32586,2
32587,1
32588,2
32589,3
32590,1
32591,2
32592,2
32593,1
32594,2
32595,2
32596,2
32597,2
32598,2
32599,1
32600,2
32601,2
32602,2
32603,2
32604,2
32605,2
32606,1
32607,2
32608,2
32609,2
32610,2
32611,2
32612,2
32613,2
32614,2
32615,2
32616,2
32617,2
32618,2
32619,2
32620,2
32621,1
32622,1
32623,2
32624,2
32625,1
32626,2
32627,2
32628,2
32629,2
32630,1
32631,2
32632,1
32633,2
32634,2
32635,2
32636,2
32637,2
32638,1
32639,2
32640,2
32641,1
32642,1
32643,2
32644,2
32645,2
32646,2
32647,2
32648,2
32649,2
32650,1
32651,3
32652,1
32653,2
32654,2
32655,1
32656,2
32657,2
32658,2
32659,1
32660,1
32661,2
32662,2
32663,2
32664,2
32665,2
32666,2
32667,2
32668,2
32669,2
32670,2
32671,2
32672,2
32673,2
32674,2
32675,2
32676,2
32677,2
32678,2
32679,2
32680,2
32681,2
32682,2
32683,2
32684,2
32685,2
32686,2
32687,2
32688,2
32689,2
32690,1
32691,1
32692,1
32693,2
32694,2
32695,2
32696,2
32697,2
32698,1
32699,2
32700,2
32701,2
32702,1
32703,2
32704,2
32705,1
32706,2
32707,1
32708,2
32709,1
32710,2
32711,2
32712,2
32713,2
32714,2
32715,2
32716,2
32717,2
32718,1
32719,2
32720,1
32721,2
32722,2
32723,2
32724,2
32725,2
32726,1
32727,2
32728,2
32729,1
32730,2
32731,2
32732,2
32733,2
32734,2
32735,2
32736,1
32737,2
32738,2
32739,2
32740,2
32741,1
32742,2
32743,2
32744,2
32745,1
32746,2
32747,1
32748,2
32749,1
32750,2
32751,1
32752,1
32753,1
32754,2
32755,2
32756,2
32757,2
32758,2
32759,2
32760,1
32761,2
32762,2
32763,1
32764,2
32765,1
32766,1
32767,2
32768,2
32769,2
32770,2
32771,2
32772,2
32773,2
32774,2
32775,2
32776,2
32777,1
32778,2
32779,2
32780,2
32781,2
32782,2
32783,2
32784,1
32785,1
32786,2
32787,2
32788,2
32789,2
32790,2
32791,2
32792,1
32793,2
32794,2
32795,2
32796,1
32797,2
32798,1
32799,2
32800,2
32801,1
32802,2
32803,2
32804,2
32805,2
32806,1
32807,1
32808,3
32809,3
32810,2
32811,2
32812,2
32813,2
32814,1
32815,2
32816,2
32817,3
32818,1
32819,2
32820,2
32821,2
32822,1
32823,1
32824,2
32825,2
32826,2
32827,1
32828,2
32829,1
32830,2
32831,1
32832,1
32833,2
32834,2
32835,2
32836,2
32837,2
32838,2
32839,2
32840,1
32841,2
32842,2
32843,2
32844,2
32845,2
32846,3
32847,2
32848,2
32849,2
32850,2
32851,2
32852,1
32853,2
32854,2
32855,1
32856,2
32857,2
32858,2
32859,2
32860,2
32861,2
32862,2
32863,2
32864,2
32865,2
32866,1
32867,2
32868,3
32869,2
32870,2
32871,2
32872,2
32873,1
32874,2
32875,2
32876,2
32877,1
32878,2
32879,2
32880,2
32881,2
32882,2
32883,2
32884,1
32885,1
32886,2
32887,1
32888,2
32889,2
32890,1
32891,1
32892,2
32893,1
32894,2
32895,2
32896,2
32897,2
32898,2
32899,2
32900,2
32901,2
32902,2
32903,2
32904,2
32905,2
32906,1
32907,2
32908,1
32909,2
32910,2
32911,2
32912,2
32913,2
32914,2
32915,2
32916,2
32917,1
32918,1
32919,2
32920,1
32921,1
32922,2
32923,2
32924,1
32925,1
32926,2
32927,2
32928,2
32929,2
32930,2
32931,2
32932,2
32933,2
32934,2
32935,2
32936,2
32937,2
32938,2
32939,2
32940,2
32941,2
32942,2
32943,1
32944,2
32945,2
32946,1
32947,2
32948,2
32949,2
32950,2
32951,2
32952,2
32953,1
32954,1
32955,1
32956,1
32957,1
32958,2
32959,1
32960,2
32961,1
32962,2
32963,2
32964,2
32965,2
32966,2
32967,1
32968,2
32969,2
32970,1
32971,2
32972,2
32973,1
32974,2
32975,2
32976,1
32977,2
32978,2
32979,1
32980,2
32981,2
32982,2
32983,1
32984,2
32985,2
32986,2
32987,1
32988,2
32989,1
32990,2
32991,2
32992,2
32993,2
32994,2
32995,2
32996,2
32997,2
32998,2
32999,2
33000,1
33001,2
33002,2
33003,1
33004,1
33005,2
33006,2
33007,1
33008,1
33009,3
33010,1
33011,2
33012,2
33013,2
33014,2
33015,2
33016,2
33017,2
33018,2
33019,2
33020,2
33021,1
33022,2
33023,1
33024,2
33025,1
33026,1
33027,2
33028,2
33029,2
33030,2
33031,2
33032,1
33033,2
33034,1
33035,2
33036,2
33037,2
33038,3
33039,2
33040,2
33041,2
33042,2
33043,2
33044,2
33045,2
33046,2
33047,2
33048,2
33049,1
33050,2
33051,2
33052,2
33053,2
33054,2
33055,2
33056,1
33057,3
33058,2
33059,1
33060,2
33061,2
33062,2
33063,2
33064,1
33065,2
33066,2
33067,2
33068,1
33069,2
33070,2
33071,1
33072,3
33073,2
33074,2
33075,2
33076,2
33077,2
33078,2
33079,2
33080,2
33081,2
33082,2
33083,3
33084,2
33085,2
33086,2
33087,2
33088,2
33089,2
33090,1
33091,2
33092,2
33093,2
33094,2
33095,2
33096,2
33097,2
33098,2
33099,2
33100,2
33101,2
33102,2
33103,2
33104,2
33105,1
33106,1
33107,2
33108,2
33109,2
33110,2
33111,1
33112,3
33113,2
33114,2
33115,2
33116,2
33117,2
33118,2
33119,2
33120,1
33121,2
33122,2
33123,2
33124,1
33125,2
33126,2
33127,1
33128,2
33129,1
33130,2
33131,1
33132,2
33133,2
33134,2
33135,2
33136,2
33137,2
33138,2
33139,1
33140,1
33141,2
33142,1
33143,1
33144,2
33145,2
33146,2
33147,1
33148,2
33149,2
33150,2
33151,2
33152,1
33153,2
33154,2
33155,1
33156,1
33157,2
33158,2
33159,2
33160,1
33161,1
33162,1
33163,2
33164,2
33165,2
33166,2
33167,2
33168,2
33169,1
33170,2
33171,2
33172,1
33173,1
33174,2
33175,2
33176,2
33177,2
33178,2
33179,2
33180,3
33181,2
33182,2
33183,2
33184,2
33185,2
33186,2
33187,2
33188,2
33189,1
33190,2
33191,2
33192,2
33193,2
33194,2
33195,2
33196,2
33197,2
33198,1
33199,2
33200,2
33201,2
33202,2
33203,2
33204,2
33205,2
33206,1
33207,2
33208,2
33209,3
33210,1
33211,1
33212,1
33213,2
33214,2
33215,1
33216,2
33217,2
33218,2
33219,2
33220,2
33221,1
33222,2
33223,2
33224,2
33225,2
33226,2
33227,2
33228,2
33229,2
33230,2
33231,2
33232,2
33233,2
33234,1
33235,2
33236,1
33237,2
33238,2
33239,2
33240,2
33241,2
33242,2
33243,2
33244,2
33245,2
33246,2
33247,2
33248,2
33249,1
33250,3
33251,2
33252,2
33253,2
33254,1
33255,2
33256,2
33257,1
33258,1
33259,2
33260,1
33261,2
33262,2
33263,2
33264,2
33265,2
33266,2
33267,2
33268,1
33269,2
33270,2
33271,2
33272,2
33273,2
33274,2
33275,2
33276,3
33277,2
33278,2
33279,2
33280,2
33281,2
33282,1
33283,2
33284,2
33285,2
33286,1
33287,2
33288,2
33289,2
33290,2
33291,2
33292,2
33293,2
33294,2
33295,2
33296,2
33297,2
33298,2
33299,2
33300,2
33301,1
33302,2
33303,1
33304,2
33305,2
33306,2
33307,2
33308,2
33309,2
33310,2
33311,1
33312,2
33313,2
33314,2
33315,2
33316,2
33317,2
33318,1
33319,1
33320,2
33321,2
33322,1
33323,2
33324,2
33325,2
33326,1
33327,2
33328,2
33329,1
33330,2
33331,2
33332,2
33333,2
33334,1
33335,1
33336,2
33337,2
33338,1
33339,2
33340,1
33341,2
33342,2
33343,2
33344,2
33345,2
33346,1
33347,1
33348,1
33349,2
33350,2
33351,1
33352,1
33353,2
33354,2
33355,1
33356,1
33357,2
33358,1
33359,1
33360,1
33361,2
33362,2
33363,1
33364,2
33365,2
33366,2
33367,2
33368,2
33369,2
33370,2
33371,1
33372,1
33373,2
33374,2
33375,2
33376,2
33377,2
33378,2
33379,2
33380,2
33381,1
33382,2
33383,2
33384,1
33385,2
33386,1
33387,2
33388,1
33389,3
33390,2
33391,2
33392,3
33393,2
33394,2
33395,2
33396,1
33397,1
33398,2
33399,2
33400,2
33401,2
33402,2
33403,2
33404,2
33405,2
33406,2
33407,2
33408,2
33409,2
33410,2
33411,1
33412,2
33413,1
33414,2
33415,2
33416,2
33417,1
33418,2
33419,2
33420,2
33421,2
33422,2
33423,2
33424,2
33425,2
33426,2
33427,2
33428,2
33429,2
33430,2
33431,2
33432,3
33433,1
33434,2
33435,2
33436,2
33437,2
33438,2
33439,2
33440,1
33441,2
33442,2
33443,2
33444,1
33445,1
33446,1
33447,2
33448,2
33449,2
33450,2
33451,2
33452,1
33453,2
33454,2
33455,1
33456,2
33457,2
33458,2
33459,2
33460,1
33461,1
33462,1
33463,1
33464,1
33465,1
33466,2
33467,2
33468,2
33469,2
33470,2
33471,2
33472,2
33473,1
33474,1
33475,2
33476,2
33477,2
33478,2
33479,2
33480,2
33481,2
33482,1
33483,1
33484,2
33485,2
33486,2
33487,2
33488,2
33489,1
33490,2
33491,2
33492,2
33493,2
33494,2
33495,2
33496,2
33497,2
33498,1
33499,2
33500,2
33501,2
33502,2
33503,2
33504,3
33505,2
33506,2
33507,2
33508,1
33509,2
33510,1
33511,2
33512,2
33513,2
33514,1
33515,2
33516,2
33517,2
33518,2
33519,3
33520,1
33521,2
33522,2
33523,2
33524,2
33525,2
33526,1
33527,2
33528,2
33529,2
33530,2
33531,2
33532,1
33533,2
33534,1
33535,2
33536,2
33537,2
33538,1
33539,3
33540,2
33541,2
33542,2
33543,4
33544,2
33545,2
33546,2
33547,1
33548,2
33549,3
33550,2
33551,2
33552,3
33553,2
33554,1
33555,2
33556,1
33557,2
33558,2
33559,2
33560,1
33561,2
33562,2
33563,2
33564,2
33565,2
33566,2
33567,2
33568,2
33569,1
33570,2
33571,2
33572,1
33573,2
33574,2
33575,2
33576,1
33577,1
33578,2
33579,2
33580,2
33581,2
33582,2
33583,1
33584,2
33585,2
33586,1
33587,2
33588,1
33589,2
33590,2
33591,2
33592,1
33593,2
33594,2
33595,2
33596,2
33597,2
33598,2
33599,2
33600,2
33601,2
33602,1
33603,2
33604,2
33605,2
33606,2
33607,2
33608,2
33609,1
33610,2
33611,2
33612,2
33613,2
33614,3
33615,2
33616,2
33617,1
33618,2
33619,2
33620,2
33621,1
33622,2
33623,2
33624,2
33625,2
33626,2
33627,2
33628,1
33629,2
33630,2
33631,1
33632,1
33633,2
33634,2
33635,2
33636,2
33637,2
33638,2
33639,2
33640,2
33641,2
33642,2
33643,2
33644,2
33645,1
33646,1
33647,1
33648,2
33649,1
33650,2
33651,1
33652,2
33653,2
33654,2
33655,2
33656,1
33657,2
33658,2
33659,2
33660,2
33661,2
33662,2
33663,2
33664,1
33665,1
33666,2
33667,2
33668,2
33669,2
33670,1
33671,2
33672,2
33673,1
33674,2
33675,2
33676,1
33677,2
33678,2
33679,1
33680,2
33681,2
33682,2
33683,1
33684,1
33685,2
33686,2
33687,2
33688,2
33689,2
33690,2
33691,1
33692,2
33693,2
33694,2
33695,2
33696,2
33697,2
33698,2
33699,2
33700,2
33701,1
33702,1
33703,1
33704,2
33705,2
33706,2
33707,2
33708,2
33709,1
33710,2
33711,1
33712,2
33713,2
33714,2
33715,2
33716,2
33717,2
33718,1
33719,1
33720,1
33721,2
33722,2
33723,2
33724,1
33725,2
33726,1
33727,2
33728,1
33729,2
33730,2
33731,2
33732,1
33733,3
33734,2
33735,1
33736,2
33737,2
33738,3
33739,2
33740,1
33741,2
33742,2
33743,2
33744,1
33745,1
33746,2
33747,2
33748,2
33749,2
33750,2
33751,2
33752,2
33753,2
33754,3
33755,2
33756,2
33757,3
33758,2
33759,2
33760,2
33761,2
33762,2
33763,2
33764,2
33765,1
33766,2
33767,1
33768,2
33769,2
33770,2
33771,1
33772,2
33773,2
33774,2
33775,1
33776,2
33777,2
33778,1
33779,2
33780,2
33781,1
33782,1
33783,2
33784,2
33785,1
33786,1
33787,2
33788,2
33789,2
33790,2
33791,1
33792,2
33793,2
33794,2
33795,2
33796,1
33797,2
33798,2
33799,1
33800,2
33801,2
33802,3
33803,2
33804,1
33805,2
33806,2
33807,2
33808,1
33809,2
33810,1
33811,2
33812,2
33813,1
33814,2
33815,2
33816,2
33817,2
33818,2
33819,2
33820,2
33821,1
33822,2
33823,2
33824,1
33825,2
33826,2
33827,1
33828,2
33829,2
33830,2
33831,2
33832,2
33833,2
33834,2
33835,2
33836,2
33837,1
33838,2
33839,2
33840,2
33841,2
33842,2
33843,2
33844,1
33845,2
33846,2
33847,2
33848,2
33849,1
33850,2
33851,2
33852,2
33853,2
33854,1
33855,2
33856,2
33857,2
33858,2
33859,1
33860,2
33861,2
33862,3
33863,2
33864,2
33865,2
33866,2
33867,1
33868,2
33869,1
33870,2
33871,2
33872,2
33873,1
33874,2
33875,3
33876,2
33877,2
33878,2
33879,2
33880,2
33881,2
33882,2
33883,1
33884,2
33885,2
33886,1
33887,2
33888,2
33889,1
33890,1
33891,2
33892,2
33893,2
33894,2
33895,1
33896,2
33897,2
33898,1
33899,2
33900,2
33901,2
33902,2
33903,1
33904,2
33905,2
33906,2
33907,2
33908,2
33909,1
33910,1
33911,1
33912,2
33913,1
33914,2
33915,2
33916,2
33917,3
33918,1
33919,2
33920,1
33921,1
33922,2
33923,2
33924,2
33925,2
33926,2
33927,1
33928,1
33929,2
33930,1
33931,2
33932,2
33933,2
33934,1
33935,2
33936,2
33937,2
33938,1
33939,1
33940,2
33941,2
33942,2
33943,2
33944,2
33945,2
33946,2
33947,2
33948,2
33949,2
33950,2
33951,2
33952,2
33953,2
33954,2
33955,2
33956,2
33957,2
33958,2
33959,2
33960,2
33961,1
33962,2
33963,2
33964,2
33965,1
33966,2
33967,2
33968,2
33969,1
33970,2
33971,2
33972,1
33973,1
33974,2
33975,2
33976,1
33977,1
33978,2
33979,2
33980,2
33981,2
33982,2
33983,2
33984,2
33985,1
33986,1
33987,1
33988,1
33989,1
33990,2
33991,1
33992,2
33993,1
33994,2
33995,2
33996,2
33997,2
33998,2
33999,2
34000,2
34001,2
34002,2
34003,2
34004,2
34005,1
34006,1
34007,2
34008,2
34009,2
34010,2
34011,2
34012,2
34013,1
34014,2
34015,1
34016,2
34017,2
34018,1
34019,1
34020,2
34021,2
34022,2
34023,2
34024,1
34025,1
34026,2
34027,2
34028,2
34029,2
34030,2
34031,2
34032,1
34033,1
34034,2
34035,2
34036,2
34037,2
34038,2
34039,2
34040,2
34041,2
34042,2
34043,2
34044,2
34045,2
34046,2
34047,2
34048,2
34049,2
34050,2
34051,1
34052,1
34053,2
34054,2
34055,2
34056,1
34057,1
34058,1
34059,2
34060,2
34061,2
34062,1
34063,2
34064,1
34065,2
34066,2
34067,1
34068,2
34069,2
34070,2
34071,1
34072,1
34073,2
34074,3
34075,2
34076,2
34077,2
34078,2
34079,2
34080,2
34081,1
34082,2
34083,2
34084,2
34085,1
34086,2
34087,2
34088,2
34089,1
34090,2
34091,1
34092,2
34093,4
34094,2
34095,1
34096,2
34097,2
34098,2
34099,2
34100,2
34101,1
34102,2
34103,2
34104,2
34105,3
34106,1
34107,1
34108,1
34109,1
34110,1
34111,1
34112,2
34113,2
34114,2
34115,2
34116,2
34117,2
34118,2
34119,2
34120,1
34121,2
34122,1
34123,2
34124,2
34125,2
34126,1
34127,1
34128,2
34129,2
34130,1
34131,2
34132,1
34133,2
34134,1
34135,2
34136,2
34137,2
34138,1
34139,2
34140,2
34141,2
34142,2
34143,1
34144,2
34145,2
34146,2
34147,1
34148,2
34149,2
34150,1
34151,2
34152,2
34153,1
34154,2
34155,1
34156,2
34157,2
34158,2
34159,2
34160,2
34161,2
34162,2
34163,2
34164,1
34165,2
34166,2
34167,2
34168,2
34169,2
34170,2
34171,2
34172,1
34173,2
34174,2
34175,2
34176,2
34177,2
34178,2
34179,2
34180,1
34181,2
34182,2
34183,2
34184,2
34185,2
34186,2
34187,1
34188,2
34189,2
34190,2
34191,2
34192,2
34193,2
34194,2
34195,2
34196,1
34197,2
34198,1
34199,2
34200,2
34201,1
34202,2
34203,1
34204,2
34205,2
34206,2
34207,2
34208,1
34209,2
34210,2
34211,1
34212,2
34213,1
34214,1
34215,1
34216,2
34217,2
34218,2
34219,1
34220,2
34221,2
34222,2
34223,2
34224,2
34225,2
34226,2
34227,2
34228,3
34229,2
34230,1
34231,1
34232,2
34233,2
34234,2
34235,2
34236,2
34237,2
34238,2
34239,2
34240,2
34241,2
34242,2
34243,2
34244,2
34245,2
34246,2
34247,2
34248,1
34249,3
34250,2
34251,2
34252,2
34253,2
34254,1
34255,1
34256,2
34257,2
34258,2
34259,2
34260,2
34261,1
34262,2
34263,1
34264,2
34265,1
34266,1
34267,1
34268,1
34269,2
34270,2
34271,2
34272,2
34273,1
34274,2
34275,2
34276,2
34277,3
34278,2
34279,2
34280,2
34281,2
34282,2
34283,2
34284,2
34285,2
34286,2
34287,1
34288,1
34289,2
34290,1
34291,2
34292,3
34293,1
34294,1
34295,1
34296,2
34297,2
34298,1
34299,2
34300,2
34301,2
34302,1
34303,2
34304,2
34305,2
34306,2
34307,2
34308,2
34309,2
34310,1
34311,1
34312,2
34313,1
34314,2
34315,2
34316,2
34317,1
34318,2
34319,2
34320,2
34321,2
34322,2
34323,2
34324,2
34325,1
34326,2
34327,2
34328,1
34329,1
34330,2
34331,3
34332,2
34333,2
34334,2
34335,2
34336,1
34337,2
34338,2
34339,1
34340,2
34341,2
34342,1
34343,2
34344,2
34345,2
34346,2
34347,2
34348,2
34349,2
34350,2
34351,2
34352,2
34353,2
34354,2
34355,2
34356,2
34357,2
34358,2
34359,2
34360,2
34361,1
34362,2
34363,2
34364,2
34365,1
34366,1
34367,2
34368,2
34369,1
34370,1
34371,2
34372,1
34373,2
34374,2
34375,4
34376,2
34377,2
34378,2
34379,1
34380,2
34381,2
34382,1
34383,2
34384,3
34385,2
34386,2
34387,2
34388,2
34389,2
34390,2
34391,2
34392,2
34393,2
34394,2
34395,2
34396,2
34397,2
34398,1
34399,2
34400,2
34401,2
34402,2
34403,2
34404,1
34405,2
34406,2
34407,2
34408,2
34409,2
34410,2
34411,2
34412,1
34413,2
34414,2
34415,2
34416,2
34417,2
34418,2
34419,1
34420,2
34421,2
34422,2
34423,1
34424,1
34425,1
34426,1
34427,2
34428,2
34429,2
34430,2
34431,1
34432,2
34433,1
34434,2
34435,2
34436,1
34437,2
34438,2
34439,2
34440,2
34441,2
34442,2
34443,2
34444,2
34445,2
34446,2
34447,2
34448,2
34449,2
34450,2
34451,2
34452,2
34453,2
34454,1
34455,2
34456,1
34457,2
34458,2
34459,2
34460,2
34461,1
34462,2
34463,2
34464,2
34465,1
34466,2
34467,2
34468,2
34469,2
34470,2
34471,2
34472,1
34473,2
34474,2
34475,2
34476,2
34477,2
34478,2
34479,2
34480,2
34481,2
34482,2
34483,2
34484,2
34485,2
34486,2
34487,1
34488,2
34489,1
34490,2
34491,2
34492,2
34493,2
34494,2
34495,2
34496,2
34497,2
34498,2
34499,2
34500,1
34501,2
34502,2
34503,2
34504,2
34505,1
34506,2
34507,2
34508,2
34509,2
34510,1
34511,2
34512,2
34513,2
34514,2
34515,2
34516,1
34517,1
34518,1
34519,2
34520,1
34521,2
34522,1
34523,1
34524,2
34525,3
34526,2
34527,1
34528,2
34529,2
34530,1
34531,1
34532,2
34533,2
34534,2
34535,2
34536,2
34537,1
34538,2
34539,2
34540,2
34541,2
34542,1
34543,2
34544,1
34545,2
34546,2
34547,2
34548,2
34549,2
34550,1
34551,2
34552,2
34553,2
34554,2
34555,2
34556,2
34557,2
34558,2
34559,2
34560,2
34561,2
34562,2
34563,1
34564,3
34565,2
34566,2
34567,2
34568,2
34569,2
34570,1
34571,2
34572,2
34573,2
34574,1
34575,2
34576,2
34577,2
34578,1
34579,2
34580,2
34581,1
34582,2
34583,1
34584,2
34585,1
34586,2
34587,2
34588,2
34589,2
34590,2
34591,2
34592,2
34593,2
34594,2
34595,2
34596,2
34597,2
34598,2
34599,2
34600,2
34601,2
34602,4
34603,2
34604,1
34605,2
34606,2
34607,2
34608,2
34609,2
34610,2
34611,2
34612,2
34613,2
34614,1
34615,2
34616,2
34617,2
34618,2
34619,2
34620,1
34621,2
34622,1
34623,2
34624,2
34625,2
34626,2
34627,3
34628,2
34629,2
34630,2
34631,2
34632,2
34633,2
34634,2
34635,1
34636,2
34637,2
34638,2
34639,2
34640,2
34641,2
34642,1
34643,2
34644,2
34645,2
34646,2
34647,2
34648,1
34649,2
34650,2
34651,2
34652,2
34653,1
34654,2
34655,2
34656,2
34657,2
34658,1
34659,2
34660,1
34661,1
34662,2
34663,2
34664,2
34665,2
34666,2
34667,2
34668,2
34669,2
34670,2
34671,2
34672,2
34673,1
34674,1
34675,2
34676,1
34677,1
34678,1
34679,2
34680,2
34681,2
34682,2
34683,2
34684,2
34685,2
34686,1
34687,2
34688,2
34689,2
34690,2
34691,2
34692,2
34693,1
34694,1
34695,2
34696,1
34697,2
34698,2
34699,1
34700,1
34701,2
34702,2
34703,2
34704,2
34705,3
34706,2
34707,2
34708,2
34709,2
34710,2
34711,2
34712,2
34713,2
34714,2
34715,2
34716,1
34717,2
34718,2
34719,3
34720,2
34721,1
34722,2
34723,2
34724,2
34725,2
34726,2
34727,2
34728,2
34729,2
34730,2
34731,2
34732,2
34733,2
34734,2
34735,2
34736,2
34737,2
34738,2
34739,2
34740,2
34741,1
34742,2
34743,2
34744,2
34745,2
34746,1
34747,2
34748,1
34749,2
34750,2
34751,2
34752,2
34753,2
34754,2
34755,2
34756,2
34757,1
34758,2
34759,2
34760,2
34761,2
34762,1
34763,2
34764,2
34765,1
34766,2
34767,2
34768,2
34769,2
34770,2
34771,1
34772,1
34773,2
34774,2
34775,2
34776,2
34777,1
34778,2
34779,2
34780,2
34781,2
34782,2
34783,2
34784,1
34785,1
34786,2
34787,2
34788,2
34789,2
34790,2
34791,2
34792,1
34793,2
34794,1
34795,1
34796,2
34797,2
34798,1
34799,2
34800,2
34801,2
34802,1
34803,2
34804,2
34805,2
34806,1
34807,2
34808,2
34809,2
34810,2
34811,1
34812,2
34813,1
34814,1
34815,3
34816,2
34817,2
34818,2
34819,2
34820,2
34821,2
34822,2
34823,2
34824,2
34825,2
34826,2
34827,1
34828,2
34829,1
34830,1
34831,2
34832,2
34833,2
34834,2
34835,2
34836,2
34837,2
34838,2
34839,2
34840,2
34841,2
34842,2
34843,2
34844,2
34845,2
34846,2
34847,2
34848,2
34849,1
34850,2
34851,2
34852,2
34853,1
34854,2
34855,1
34856,2
34857,2
34858,1
34859,2
34860,2
34861,2
34862,2
34863,2
34864,2
34865,1
34866,2
34867,2
34868,2
34869,2
34870,2
34871,2
34872,2
34873,2
34874,2
34875,1
34876,2
34877,2
34878,1
34879,2
34880,2
34881,2
34882,2
34883,2
34884,2
34885,2
34886,2
34887,1
34888,2
34889,1
34890,1
34891,1
34892,2
34893,3
34894,2
34895,2
34896,1
34897,2
34898,2
34899,3
34900,1
34901,2
34902,1
34903,3
34904,2
34905,2
34906,2
34907,2
34908,2
34909,2
34910,1
34911,2
34912,1
34913,1
34914,2
34915,2
34916,2
34917,2
34918,2
34919,2
34920,1
34921,2
34922,2
34923,2
34924,2
34925,2
34926,2
34927,2
34928,2
34929,2
34930,1
34931,2
34932,1
34933,2
34934,2
34935,2
34936,2
34937,1
34938,1
34939,2
34940,2
34941,1
34942,2
34943,2
34944,2
34945,3
34946,1
34947,2
34948,2
34949,1
34950,2
34951,2
34952,1
34953,2
34954,2
34955,3
34956,2
34957,2
34958,1
34959,2
34960,2
34961,2
34962,2
34963,2
34964,2
34965,2
34966,2
34967,2
34968,2
34969,2
34970,2
34971,2
34972,2
34973,2
34974,2
34975,2
34976,2
34977,2
34978,2
34979,2
34980,2
34981,2
34982,2
34983,2
34984,2
34985,2
34986,2
34987,2
34988,1
34989,1
34990,2
34991,2
34992,2
34993,1
34994,2
34995,1
34996,2
34997,2
34998,1
34999,2
35000,1
35001,1
35002,2
35003,2
35004,2
35005,1
35006,2
35007,2
35008,2
35009,2
35010,2
35011,2
35012,2
35013,2
35014,2
35015,2
35016,2
35017,2
35018,2
35019,2
35020,2
35021,1
35022,2
35023,2
35024,2
35025,2
35026,1
35027,2
35028,1
35029,2
35030,1
35031,1
35032,3
35033,2
35034,2
35035,2
35036,3
35037,1
35038,2
35039,2
35040,2
35041,1
35042,2
35043,2
35044,2
35045,1
35046,2
35047,2
35048,2
35049,1
35050,2
35051,2
35052,2
35053,2
35054,2
35055,2
35056,2
35057,1
35058,2
35059,2
35060,2
35061,2
35062,1
35063,2
35064,2
35065,2
35066,2
35067,2
35068,2
35069,2
35070,2
35071,2
35072,2
35073,2
35074,2
35075,2
35076,2
35077,2
35078,2
35079,2
35080,2
35081,1
35082,2
35083,2
35084,2
35085,2
35086,2
35087,2
35088,2
35089,2
35090,1
35091,1
35092,2
35093,2
35094,2
35095,1
35096,1
35097,1
35098,2
35099,2
35100,1
35101,3
35102,2
35103,2
35104,2
35105,2
35106,2
35107,3
35108,2
35109,2
35110,2
35111,2
35112,2
35113,2
35114,2
35115,2
35116,2
35117,2
35118,2
35119,1
35120,2
35121,2
35122,2
35123,2
35124,2
35125,1
35126,2
35127,2
35128,2
35129,2
35130,2
35131,2
35132,2
35133,2
35134,1
35135,2
35136,1
35137,1
35138,2
35139,2
35140,2
35141,2
35142,2
35143,2
35144,1
35145,1
35146,2
35147,2
35148,2
35149,2
35150,1
35151,2
35152,2
35153,2
35154,1
35155,2
35156,2
35157,2
35158,2
35159,1
35160,2
35161,1
35162,2
35163,2
35164,1
35165,2
35166,2
35167,1
35168,1
35169,2
35170,2
35171,2
35172,2
35173,2
35174,2
35175,1
35176,1
35177,2
35178,2
35179,2
35180,3
35181,2
35182,2
35183,2
35184,2
35185,1
35186,2
35187,2
35188,2
35189,1
35190,2
35191,2
35192,2
35193,2
35194,2
35195,1
35196,2
35197,2
35198,2
35199,1
35200,2
35201,2
35202,2
35203,2
35204,1
35205,1
35206,2
35207,2
35208,3
35209,2
35210,1
35211,2
35212,1
35213,3
35214,2
35215,2
35216,2
35217,2
35218,2
35219,2
35220,2
35221,2
35222,1
35223,2
35224,2
35225,2
35226,2
35227,1
35228,2
35229,2
35230,2
35231,2
35232,2
35233,2
35234,2
35235,1
35236,2
35237,2
35238,2
35239,2
35240,2
35241,2
35242,2
35243,2
35244,2
35245,2
35246,2
35247,2
35248,2
35249,2
35250,1
35251,2
35252,1
35253,2
35254,1
35255,2
35256,2
35257,2
35258,2
35259,1
35260,1
35261,2
35262,2
35263,2
35264,2
35265,2
35266,2
35267,2
35268,2
35269,2
35270,2
35271,1
35272,2
35273,2
35274,2
35275,2
35276,2
35277,2
35278,2
35279,2
35280,1
35281,2
35282,1
35283,1
35284,2
35285,2
35286,2
35287,1
35288,1
35289,2
35290,1
35291,2
35292,1
35293,2
35294,2
35295,1
35296,2
35297,2
35298,1
35299,2
35300,2
35301,1
35302,2
35303,1
35304,1
35305,2
35306,2
35307,2
35308,2
35309,2
35310,2
35311,2
35312,2
35313,2
35314,1
35315,2
35316,1
35317,2
35318,1
35319,1
35320,2
35321,2
35322,1
35323,2
35324,1
35325,2
35326,1
35327,2
35328,2
35329,1
35330,2
35331,2
35332,2
35333,2
35334,2
35335,2
35336,1
35337,1
35338,2
35339,3
35340,2
35341,2
35342,2
35343,2
35344,2
35345,1
35346,2
35347,2
35348,1
35349,2
35350,1
35351,2
35352,2
35353,2
35354,1
35355,2
35356,2
35357,2
35358,2
35359,2
35360,1
35361,2
35362,2
35363,2
35364,1
35365,2
35366,1
35367,2
35368,2
35369,2
35370,2
35371,2
35372,3
35373,2
35374,1
35375,1
35376,2
35377,1
35378,2
35379,2
35380,2
35381,2
35382,2
35383,2
35384,1
35385,2
35386,2
35387,2
35388,1
35389,2
35390,2
35391,2
35392,3
35393,2
35394,2
35395,2
35396,1
35397,2
35398,2
35399,2
35400,1
35401,1
35402,3
35403,2
35404,2
35405,2
35406,1
35407,1
35408,2
35409,2
35410,2
35411,2
35412,2
35413,1
35414,2
35415,1
35416,1
35417,2
35418,1
35419,2
35420,2
35421,2
35422,2
35423,2
35424,2
35425,1
35426,2
35427,2
35428,2
35429,2
35430,2
35431,1
35432,2
35433,2
35434,2
35435,3
35436,2
35437,2
35438,2
35439,1
35440,2
35441,2
35442,1
35443,2
35444,2
35445,2
35446,2
35447,2
35448,2
35449,2
35450,2
35451,2
35452,2
35453,2
35454,2
35455,2
35456,2
35457,2
35458,1
35459,1
35460,1
35461,1
35462,2
35463,2
35464,1
35465,2
35466,2
35467,2
35468,2
35469,2
35470,2
35471,2
35472,2
35473,1
35474,2
35475,2
35476,2
35477,2
35478,2
35479,2
35480,1
35481,2
35482,1
35483,2
35484,1
35485,2
35486,2
35487,2
35488,2
35489,1
35490,1
35491,2
35492,1
35493,2
35494,2
35495,2
35496,1
35497,2
35498,1
35499,2
35500,2
35501,1
35502,2
35503,2
35504,2
35505,2
35506,2
35507,2
35508,2
35509,3
35510,2
35511,2
35512,2
35513,2
35514,2
35515,1
35516,2
35517,2
35518,1
35519,2
35520,3
35521,1
35522,1
35523,2
35524,2
35525,2
35526,2
35527,1
35528,2
35529,2
35530,2
35531,3
35532,2
35533,2
35534,2
35535,1
35536,2
35537,2
35538,2
35539,2
35540,1
35541,2
35542,2
35543,2
35544,2
35545,2
35546,2
35547,2
35548,2
35549,1
35550,2
35551,2
35552,2
35553,2
35554,2
35555,1
35556,2
35557,2
35558,2
35559,2
35560,2
35561,1
35562,2
35563,2
35564,2
35565,1
35566,2
35567,2
35568,1
35569,2
35570,2
35571,2
35572,2
35573,2
35574,1
35575,2
35576,1
35577,2
35578,2
35579,2
35580,1
35581,2
35582,2
35583,2
35584,2
35585,1
35586,1
35587,2
35588,2
35589,2
35590,1
35591,2
35592,2
35593,2
35594,2
35595,2
35596,1
35597,2
35598,1
35599,1
35600,1
35601,2
35602,2
35603,2
35604,1
35605,1
35606,1
35607,2
35608,1
35609,2
35610,2
35611,2
35612,2
35613,2
35614,2
35615,1
35616,2
35617,2
35618,2
35619,2
35620,2
35621,2
35622,1
35623,2
35624,1
35625,3
35626,2
35627,2
35628,2
35629,1
35630,1
35631,2
35632,1
35633,3
35634,2
35635,2
35636,2
35637,2
35638,1
35639,2
35640,2
35641,2
35642,2
35643,2
35644,3
35645,2
35646,2
35647,2
35648,2
35649,1
35650,2
35651,2
35652,1
35653,1
35654,1
35655,2
35656,2
35657,2
35658,2
35659,2
35660,2
35661,2
35662,2
35663,1
35664,2
35665,2
35666,1
35667,1
35668,1
35669,2
35670,1
35671,2
35672,2
35673,2
35674,2
35675,2
35676,1
35677,2
35678,2
35679,2
35680,2
35681,2
35682,2
35683,2
35684,2
35685,2
35686,2
35687,1
35688,2
35689,1
35690,2
35691,1
35692,2
35693,3
35694,2
35695,2
35696,2
35697,2
35698,2
35699,2
35700,1
35701,1
35702,2
35703,2
35704,2
35705,4
35706,2
35707,2
35708,2
35709,2
35710,3
35711,2
35712,1
35713,2
35714,2
35715,2
35716,2
35717,2
35718,3
35719,2
35720,2
35721,3
35722,2
35723,2
35724,1
35725,1
35726,2
35727,2
35728,1
35729,2
35730,2
35731,2
35732,2
35733,2
35734,2
35735,2
35736,2
35737,2
35738,2
35739,2
35740,2
35741,2
35742,2
35743,2
35744,2
35745,1
35746,1
35747,2
35748,1
35749,1
35750,2
35751,2
35752,2
35753,2
35754,2
35755,2
35756,2
35757,1
35758,1
35759,2
35760,2
35761,2
35762,2
35763,2
35764,2
35765,3
35766,1
35767,2
35768,2
35769,2
35770,2
35771,2
35772,2
35773,2
35774,2
35775,2
35776,2
35777,2
35778,2
35779,2
35780,2
35781,2
35782,2
35783,3
35784,1
35785,2
35786,1
35787,1
35788,2
35789,1
35790,2
35791,2
35792,2
35793,2
35794,1
35795,1
35796,2
35797,2
35798,2
35799,2
35800,2
35801,2
35802,1
35803,2
35804,2
35805,2
35806,2
35807,2
35808,2
35809,2
35810,2
35811,2
35812,1
35813,2
35814,1
35815,2
35816,1
35817,1
35818,1
35819,2
35820,2
35821,2
35822,2
35823,2
35824,2
35825,2
35826,2
35827,1
35828,2
35829,2
35830,2
35831,2
35832,1
35833,2
35834,2
35835,2
35836,2
35837,2
35838,2
35839,2
35840,2
35841,3
35842,2
35843,2
35844,2
35845,2
35846,2
35847,2
35848,2
35849,2
35850,1
35851,2
35852,2
35853,1
35854,2
35855,1
35856,2
35857,2
35858,2
35859,2
35860,3
35861,1
35862,1
35863,2
35864,2
35865,2
35866,2
35867,2
35868,2
35869,2
35870,2
35871,2
35872,2
35873,2
35874,1
35875,2
35876,3
35877,2
35878,2
35879,1
35880,1
35881,1
35882,2
35883,2
35884,2
35885,2
35886,2
35887,2
35888,2
35889,2
35890,2
35891,2
35892,2
35893,2
35894,1
35895,2
35896,2
35897,2
35898,2
35899,2
35900,2
35901,2
35902,2
35903,2
35904,1
35905,1
35906,2
35907,2
35908,2
35909,2
35910,2
35911,2
35912,1
35913,2
35914,2
35915,2
35916,1
35917,1
35918,3
35919,2
35920,1
35921,1
35922,2
35923,2
35924,2
35925,2
35926,1
35927,1
35928,1
35929,2
35930,1
35931,2
35932,2
35933,2
35934,2
35935,2
35936,1
35937,1
35938,1
35939,1
35940,2
35941,1
35942,2
35943,2
35944,2
35945,2
35946,2
35947,3
35948,2
35949,2
35950,1
35951,2
35952,2
35953,2
35954,2
35955,2
35956,2
35957,1
35958,2
35959,2
35960,2
35961,2
35962,1
35963,2
35964,1
35965,2
35966,2
35967,1
35968,2
35969,2
35970,2
35971,1
35972,2
35973,2
35974,2
35975,2
35976,1
35977,2
35978,2
35979,1
35980,2
35981,2
35982,2
35983,1
35984,2
35985,2
35986,1
35987,2
35988,2
35989,2
35990,2
35991,2
35992,1
35993,2
35994,2
35995,2
35996,1
35997,2
35998,2
35999,2
36000,2
36001,2
36002,2
36003,2
36004,2
36005,1
36006,2
36007,2
36008,2
36009,2
36010,2
36011,1
36012,2
36013,2
36014,1
36015,2
36016,2
36017,2
36018,1
36019,2
36020,2
36021,1
36022,2
36023,2
36024,1
36025,2
36026,1
36027,2
36028,1
36029,2
36030,1
36031,2
36032,1
36033,2
36034,2
36035,2
36036,1
36037,2
36038,2
36039,2
36040,3
36041,1
36042,2
36043,2
36044,2
36045,2
36046,2
36047,2
36048,2
36049,2
36050,2
36051,2
36052,1
36053,2
36054,1
36055,2
36056,1
36057,2
36058,2
36059,2
36060,1
36061,2
36062,2
36063,1
36064,2
36065,2
36066,3
36067,2
36068,2
36069,2
36070,1
36071,2
36072,2
36073,2
36074,2
36075,2
36076,2
36077,1
36078,2
36079,1
36080,2
36081,2
36082,2
36083,2
36084,1
36085,1
36086,2
36087,2
36088,3
36089,2
36090,2
36091,2
36092,2
36093,2
36094,2
36095,1
36096,2
36097,1
36098,2
36099,2
36100,2
36101,2
36102,1
36103,2
36104,2
36105,2
36106,1
36107,2
36108,2
36109,2
36110,2
36111,2
36112,2
36113,2
36114,1
36115,3
36116,2
36117,2
36118,3
36119,2
36120,3
36121,2
36122,1
36123,2
36124,2
36125,2
36126,2
36127,2
36128,2
36129,2
36130,2
36131,2
36132,1
36133,1
36134,1
36135,2
36136,2
36137,2
36138,2
36139,2
36140,2
36141,2
36142,1
36143,2
36144,2
36145,1
36146,1
36147,1
36148,1
36149,1
36150,1
36151,1
36152,2
36153,1
36154,2
36155,2
36156,2
36157,2
36158,2
36159,1
36160,2
36161,1
36162,1
36163,1
36164,2
36165,2
36166,1
36167,1
36168,2
36169,2
36170,1
36171,2
36172,2
36173,2
36174,2
36175,1
36176,2
36177,2
36178,2
36179,1
36180,2
36181,2
36182,1
36183,2
36184,2
36185,2
36186,2
36187,2
36188,2
36189,2
36190,2
36191,2
36192,2
36193,2
36194,2
36195,2
36196,1
36197,2
36198,2
36199,1
36200,2
36201,2
36202,2
36203,1
36204,2
36205,2
36206,2
36207,2
36208,2
36209,1
36210,2
36211,2
36212,1
36213,1
36214,2
36215,1
36216,1
36217,2
36218,2
36219,1
36220,2
36221,1
36222,1
36223,2
36224,2
36225,2
36226,2
36227,1
36228,2
36229,1
36230,2
36231,2
36232,2
36233,2
36234,2
36235,2
36236,2
36237,2
36238,2
36239,1
36240,2
36241,2
36242,1
36243,2
36244,2
36245,3
36246,2
36247,2
36248,2
36249,2
36250,1
36251,2
36252,2
36253,2
36254,2
36255,2
36256,2
36257,2
36258,3
36259,3
36260,2
36261,2
36262,2
36263,2
36264,2
36265,1
36266,2
36267,1
36268,2
36269,2
36270,2
36271,2
36272,2
36273,2
36274,2
36275,2
36276,2
36277,2
36278,2
36279,2
36280,2
36281,2
36282,2
36283,2
36284,2
36285,1
36286,2
36287,2
36288,2
36289,2
36290,2
36291,2
36292,1
36293,1
36294,2
36295,1
36296,3
36297,1
36298,1
36299,2
36300,1
36301,2
36302,2
36303,1
36304,1
36305,2
36306,1
36307,3
36308,2
36309,2
36310,2
36311,2
36312,1
36313,1
36314,2
36315,1
36316,2
36317,2
36318,2
36319,1
36320,2
36321,1
36322,1
36323,2
36324,2
36325,1
36326,2
36327,1
36328,3
36329,2
36330,2
36331,2
36332,2
36333,2
36334,2
36335,2
36336,2
36337,2
36338,2
36339,1
36340,1
36341,1
36342,1
36343,1
36344,2
36345,2
36346,2
36347,2
36348,2
36349,2
36350,2
36351,2
36352,2
36353,2
36354,2
36355,2
36356,2
36357,1
36358,2
36359,2
36360,2
36361,2
36362,2
36363,2
36364,2
36365,2
36366,2
36367,1
36368,2
36369,1
36370,2
36371,2
36372,2
36373,2
36374,1
36375,2
36376,2
36377,2
36378,2
36379,1
36380,2
36381,2
36382,2
36383,2
36384,2
36385,1
36386,2
36387,2
36388,2
36389,2
36390,2
36391,2
36392,2
36393,2
36394,2
36395,2
36396,2
36397,1
36398,2
36399,1
36400,2
36401,2
36402,1
36403,2
36404,2
36405,2
36406,2
36407,3
36408,1
36409,2
36410,1
36411,2
36412,2
36413,2
36414,1
36415,2
36416,2
36417,2
36418,2
36419,1
36420,2
36421,1
36422,1
36423,2
36424,2
36425,2
36426,1
36427,2
36428,2
36429,2
36430,2
36431,2
36432,2
36433,2
36434,2
36435,2
36436,2
36437,2
36438,2
36439,1
36440,2
36441,2
36442,2
36443,2
36444,2
36445,1
36446,2
36447,2
36448,2
36449,2
36450,2
36451,2
36452,2
36453,2
36454,3
36455,2
36456,1
36457,2
36458,2
36459,2
36460,2
36461,2
36462,2
36463,2
36464,2
36465,2
36466,1
36467,2
36468,2
36469,2
36470,1
36471,2
36472,2
36473,2
36474,2
36475,2
36476,2
36477,2
36478,2
36479,2
36480,2
36481,2
36482,2
36483,2
36484,2
36485,2
36486,2
36487,2
36488,2
36489,2
36490,2
36491,1
36492,2
36493,1
36494,1
36495,2
36496,1
36497,2
36498,1
36499,2
36500,1
36501,1
36502,2
36503,2
36504,2
36505,2
36506,2
36507,2
36508,1
36509,2
36510,2
36511,2
36512,2
36513,2
36514,3
36515,2
36516,2
36517,1
36518,1
36519,1
36520,2
36521,2
36522,2
36523,2
36524,1
36525,1
36526,2
36527,2
36528,1
36529,2
36530,2
36531,2
36532,1
36533,3
36534,2
36535,1
36536,2
36537,2
36538,2
36539,1
36540,2
36541,2
36542,1
36543,1
36544,2
36545,2
36546,2
36547,1
36548,2
36549,2
36550,2
36551,1
36552,2
36553,1
36554,2
36555,2
36556,1
36557,2
36558,2
36559,2
36560,1
36561,2
36562,2
36563,1
36564,1
36565,2
36566,2
36567,1
36568,2
36569,2
36570,2
36571,2
36572,1
36573,2
36574,2
36575,2
36576,2
36577,2
36578,2
36579,2
36580,2
36581,2
36582,2
36583,2
36584,2
36585,2
36586,2
36587,2
36588,2
36589,2
36590,1
36591,1
36592,2
36593,2
36594,2
36595,1
36596,2
36597,2
36598,1
36599,2
36600,2
36601,2
36602,1
36603,2
36604,2
36605,2
36606,2
36607,2
36608,1
36609,2
36610,2
36611,2
36612,2
36613,2
36614,2
36615,2
36616,2
36617,2
36618,2
36619,2
36620,2
36621,2
36622,1
36623,2
36624,2
36625,2
36626,2
36627,2
36628,3
36629,2
36630,2
36631,1
36632,1
36633,2
36634,1
36635,2
36636,1
36637,2
36638,2
36639,2
36640,2
36641,2
36642,2
36643,2
36644,2
36645,1
36646,2
36647,2
36648,2
36649,2
36650,2
36651,2
36652,2
36653,2
36654,2
36655,2
36656,2
36657,2
36658,3
36659,2
36660,1
36661,2
36662,2
36663,1
36664,2
36665,2
36666,2
36667,2
36668,2
36669,2
36670,2
36671,2
36672,2
36673,2
36674,2
36675,1
36676,1
36677,2
36678,1
36679,1
36680,2
36681,1
36682,2
36683,2
36684,2
36685,2
36686,2
36687,2
36688,2
36689,2
36690,2
36691,2
36692,2
36693,2
36694,2
36695,2
36696,2
36697,2
36698,2
36699,2
36700,2
36701,1
36702,2
36703,2
36704,2
36705,2
36706,2
36707,2
36708,1
36709,2
36710,2
36711,1
36712,1
36713,2
36714,1
36715,2
36716,1
36717,1
36718,4
36719,1
36720,1
36721,2
36722,2
36723,2
36724,2
36725,2
36726,2
36727,2
36728,2
36729,2
36730,2
36731,2
36732,2
36733,2
36734,2
36735,2
36736,2
36737,2
36738,2
36739,2
36740,2
36741,2
36742,3
36743,3
36744,2
36745,2
36746,1
36747,1
36748,2
36749,2
36750,2
36751,2
36752,2
36753,2
36754,2
36755,2
36756,2
36757,2
36758,2
36759,2
36760,2
36761,2
36762,2
36763,2
36764,2
36765,1
36766,2
36767,1
36768,2
36769,1
36770,2
36771,2
36772,2
36773,2
36774,2
36775,2
36776,2
36777,2
36778,1
36779,2
36780,2
36781,2
36782,2
36783,2
36784,2
36785,2
36786,2
36787,1
36788,2
36789,2
36790,1
36791,2
36792,2
36793,1
36794,1
36795,2
36796,2
36797,2
36798,1
36799,2
36800,2
36801,2
36802,2
36803,1
36804,2
36805,2
36806,2
36807,2
36808,1
36809,2
36810,1
36811,2
36812,2
36813,1
36814,3
36815,1
36816,2
36817,2
36818,2
36819,2
36820,2
36821,2
36822,1
36823,2
36824,2
36825,1
36826,2
36827,2
36828,1
36829,2
36830,2
36831,1
36832,2
36833,2
36834,2
36835,2
36836,2
36837,1
36838,2
36839,2
36840,1
36841,2
36842,2
36843,1
36844,2
36845,1
36846,2
36847,3
36848,2
36849,2
36850,2
36851,2
36852,2
36853,2
36854,1
36855,2
36856,1
36857,2
36858,2
36859,1
36860,2
36861,2
36862,2
36863,3
36864,1
36865,2
36866,2
36867,2
36868,2
36869,2
36870,2
36871,2
36872,2
36873,1
36874,1
36875,2
36876,2
36877,2
36878,2
36879,2
36880,2
36881,2
36882,1
36883,2
36884,2
36885,2
36886,1
36887,1
36888,2
36889,2
36890,2
36891,2
36892,2
36893,2
36894,2
36895,2
36896,2
36897,1
36898,1
36899,2
36900,2
36901,2
36902,2
36903,2
36904,2
36905,2
36906,1
36907,2
36908,2
36909,2
36910,1
36911,2
36912,1
36913,2
36914,2
36915,2
36916,2
36917,1
36918,1
36919,1
36920,1
36921,4
36922,2
36923,2
36924,2
36925,2
36926,2
36927,1
36928,2
36929,2
36930,2
36931,2
36932,2
36933,2
36934,2
36935,1
36936,2
36937,1
36938,2
36939,2
36940,2
36941,2
36942,2
36943,2
36944,2
36945,3
36946,1
36947,3
36948,1
36949,2
36950,2
36951,2
36952,2
36953,2
36954,2
36955,2
36956,1
36957,2
36958,2
36959,2
36960,2
36961,2
36962,1
36963,2
36964,2
36965,2
36966,2
36967,1
36968,2
36969,2
36970,1
36971,2
36972,2
36973,2
36974,2
36975,1
36976,2
36977,2
36978,2
36979,2
36980,3
36981,2
36982,2
36983,2
36984,2
36985,2
36986,1
36987,2
36988,1
36989,2
36990,2
36991,2
36992,2
36993,2
36994,2
36995,2
36996,1
36997,2
36998,2
36999,1
37000,2
37001,1
37002,2
37003,2
37004,1
37005,2
37006,2
37007,2
37008,2
37009,2
37010,2
37011,2
37012,1
37013,2
37014,1
37015,2
37016,1
37017,2
37018,2
37019,2
37020,2
37021,2
37022,3
37023,2
37024,2
37025,2
37026,2
37027,2
37028,2
37029,2
37030,2
37031,2
37032,2
37033,1
37034,2
37035,2
37036,2
37037,2
37038,1
37039,1
37040,1
37041,1
37042,2
37043,2
37044,2
37045,2
37046,2
37047,2
37048,2
37049,2
37050,2
37051,2
37052,2
37053,2
37054,2
37055,2
37056,2
37057,1
37058,2
37059,2
37060,1
37061,2
37062,2
37063,2
37064,2
37065,2
37066,2
37067,1
37068,2
37069,2
37070,3
37071,2
37072,2
37073,2
37074,3
37075,2
37076,2
37077,1
37078,2
37079,2
37080,2
37081,2
37082,2
37083,2
37084,1
37085,2
37086,2
37087,2
37088,1
37089,1
37090,2
37091,2
37092,2
37093,1
37094,2
37095,2
37096,2
37097,2
37098,2
37099,2
37100,2
37101,2
37102,2
37103,1
37104,2
37105,1
37106,2
37107,1
37108,2
37109,2
37110,1
37111,2
37112,2
37113,2
37114,2
37115,2
37116,2
37117,2
37118,2
37119,2
37120,2
37121,2
37122,2
37123,2
37124,2
37125,2
37126,2
37127,2
37128,2
37129,2
37130,2
37131,2
37132,2
37133,2
37134,1
37135,1
37136,2
37137,2
37138,2
37139,2
37140,2
37141,2
37142,2
37143,1
37144,2
37145,2
37146,2
37147,2
37148,2
37149,1
37150,1
37151,3
37152,2
37153,2
37154,2
37155,2
37156,1
37157,2
37158,2
37159,2
37160,2
37161,1
37162,2
37163,2
37164,2
37165,2
37166,2
37167,2
37168,1
37169,2
37170,2
37171,2
37172,2
37173,1
37174,2
37175,2
37176,2
37177,1
37178,2
37179,2
37180,1
37181,2
37182,2
37183,2
37184,2
37185,1
37186,1
37187,2
37188,2
37189,2
37190,2
37191,2
37192,2
37193,2
37194,2
37195,3
37196,2
37197,2
37198,2
37199,2
37200,2
37201,2
37202,2
37203,2
37204,2
37205,2
37206,2
37207,3
37208,2
37209,2
37210,2
37211,2
37212,2
37213,2
37214,2
37215,2
37216,2
37217,2
37218,2
37219,2
37220,2
37221,2
37222,1
37223,2
37224,2
37225,2
37226,2
37227,1
37228,2
37229,2
37230,2
37231,1
37232,2
37233,1
37234,2
37235,2
37236,2
37237,1
37238,2
37239,2
37240,2
37241,2
37242,3
37243,2
37244,2
37245,1
37246,2
37247,3
37248,2
37249,1
37250,2
37251,2
37252,2
37253,2
37254,1
37255,2
37256,2
37257,2
37258,2
37259,1
37260,1
37261,2
37262,2
37263,2
37264,2
37265,2
37266,2
37267,2
37268,2
37269,2
37270,2
37271,2
37272,2
37273,1
37274,2
37275,2
37276,3
37277,2
37278,1
37279,2
37280,1
37281,2
37282,2
37283,3
37284,2
37285,2
37286,2
37287,2
37288,2
37289,2
37290,2
37291,2
37292,2
37293,2
37294,2
37295,2
37296,2
37297,1
37298,2
37299,2
37300,2
37301,1
37302,2
37303,2
37304,2
37305,2
37306,2
37307,1
37308,1
37309,2
37310,1
37311,2
37312,2
37313,2
37314,2
37315,2
37316,2
37317,2
37318,1
37319,2
37320,2
37321,2
37322,2
37323,1
37324,2
37325,2
37326,2
37327,2
37328,2
37329,2
37330,1
37331,2
37332,2
37333,1
37334,2
37335,2
37336,2
37337,2
37338,2
37339,2
37340,2
37341,2
37342,2
37343,2
37344,2
37345,2
37346,2
37347,2
37348,2
37349,2
37350,1
37351,2
37352,2
37353,1
37354,2
37355,1
37356,2
37357,2
37358,2
37359,2
37360,2
37361,2
37362,2
37363,2
37364,1
37365,1
37366,2
37367,1
37368,2
37369,2
37370,1
37371,2
37372,2
37373,2
37374,3
37375,2
37376,2
37377,2
37378,1
37379,2
37380,2
37381,2
37382,2
37383,2
37384,1
37385,2
37386,1
37387,2
37388,1
37389,2
37390,2
37391,2
37392,2
37393,1
37394,2
37395,2
37396,2
37397,2
37398,1
37399,1
37400,2
37401,2
37402,2
37403,2
37404,2
37405,2
37406,2
37407,2
37408,2
37409,2
37410,2
37411,2
37412,2
37413,1
37414,1
37415,2
37416,2
37417,2
37418,2
37419,2
37420,1
37421,1
37422,2
37423,2
37424,2
37425,2
37426,2
37427,2
37428,2
37429,2
37430,2
37431,2
37432,2
37433,2
37434,2
37435,2
37436,2
37437,3
37438,1
37439,1
37440,2
37441,2
37442,2
37443,2
37444,2
37445,2
37446,1
37447,2
37448,2
37449,2
37450,1
37451,1
37452,2
37453,2
37454,2
37455,2
37456,1
37457,2
37458,2
37459,2
37460,1
37461,2
37462,2
37463,2
37464,2
37465,2
37466,2
37467,2
37468,2
37469,1
37470,2
37471,2
37472,1
37473,2
37474,2
37475,2
37476,2
37477,2
37478,2
37479,2
37480,1
37481,1
37482,2
37483,2
37484,2
37485,2
37486,2
37487,2
37488,2
37489,1
37490,2
37491,2
37492,2
37493,4
37494,2
37495,3
37496,2
37497,1
37498,1
37499,2
37500,2
37501,1
37502,1
37503,2
37504,2
37505,1
37506,2
37507,2
37508,2
37509,2
37510,2
37511,2
37512,2
37513,2
37514,2
37515,2
37516,2
37517,2
37518,2
37519,2
37520,2
37521,2
37522,1
37523,2
37524,2
37525,2
37526,2
37527,2
37528,2
37529,2
37530,2
37531,2
37532,2
37533,1
37534,2
37535,2
37536,2
37537,2
37538,2
37539,2
37540,1
37541,2
37542,2
37543,1
37544,2
37545,2
37546,1
37547,2
37548,2
37549,3
37550,1
37551,2
37552,1
37553,2
37554,2
37555,2
37556,2
37557,2
37558,2
37559,1
37560,2
37561,1
37562,1
37563,2
37564,1
37565,2
37566,2
37567,1
37568,1
37569,2
37570,2
37571,2
37572,2
37573,2
37574,2
37575,1
37576,2
37577,2
37578,2
37579,2
37580,2
37581,2
37582,1
37583,2
37584,3
37585,2
37586,2
37587,2
37588,1
37589,2
37590,2
37591,2
37592,2
37593,1
37594,1
37595,2
37596,2
37597,2
37598,1
37599,2
37600,1
37601,1
37602,2
37603,2
37604,2
37605,2
37606,2
37607,2
37608,2
37609,1
37610,2
37611,2
37612,2
37613,1
37614,2
37615,1
37616,2
37617,1
37618,2
37619,3
37620,2
37621,2
37622,2
37623,2
37624,2
37625,2
37626,2
37627,1
37628,2
37629,1
37630,2
37631,1
37632,1
37633,2
37634,2
37635,2
37636,1
37637,2
37638,1
37639,1
37640,2
37641,2
37642,1
37643,1
37644,2
37645,2
37646,2
37647,2
37648,2
37649,1
37650,1
37651,1
37652,2
37653,2
37654,2
37655,2
37656,1
37657,1
37658,2
37659,2
37660,2
37661,1
37662,1
37663,2
37664,2
37665,2
37666,2
37667,2
37668,2
37669,2
37670,2
37671,1
37672,2
37673,2
37674,2
37675,2
37676,2
37677,1
37678,1
37679,1
37680,2
37681,1
37682,2
37683,2
37684,2
37685,2
37686,2
37687,1
37688,2
37689,2
37690,2
37691,1
37692,2
37693,2
37694,2
37695,2
37696,1
37697,2
37698,2
37699,2
37700,2
37701,1
37702,2
37703,2
37704,1
37705,2
37706,2
37707,2
37708,2
37709,1
37710,2
37711,2
37712,2
37713,1
37714,2
37715,2
37716,1
37717,2
37718,2
37719,2
37720,2
37721,2
37722,1
37723,2
37724,2
37725,2
37726,2
37727,2
37728,1
37729,2
37730,2
37731,2
37732,2
37733,2
37734,2
37735,1
37736,2
37737,1
37738,1
37739,1
37740,2
37741,1
37742,2
37743,2
37744,2
37745,2
37746,2
37747,2
37748,1
37749,1
37750,2
37751,1
37752,2
37753,2
37754,2
37755,2
37756,2
37757,4
37758,2
37759,1
37760,2
37761,2
37762,1
37763,2
37764,1
37765,2
37766,2
37767,2
37768,2
37769,2
37770,2
37771,2
37772,2
37773,2
37774,1
37775,2
37776,2
37777,2
37778,2
37779,2
37780,1
37781,1
37782,2
37783,1
37784,2
37785,3
37786,2
37787,2
37788,2
37789,2
37790,2
37791,2
37792,1
37793,2
37794,2
37795,2
37796,2
37797,2
37798,4
37799,2
37800,2
37801,2
37802,2
37803,2
37804,2
37805,1
37806,2
37807,2
37808,2
37809,2
37810,1
37811,2
37812,2
37813,2
37814,2
37815,2
37816,2
37817,2
37818,1
37819,1
37820,2
37821,1
37822,2
37823,2
37824,2
37825,3
37826,2
37827,1
37828,2
37829,2
37830,1
37831,2
37832,2
37833,3
37834,1
37835,1
37836,2
37837,2
37838,1
37839,2
37840,2
37841,2
37842,1
37843,2
37844,2
37845,3
37846,2
37847,1
37848,2
37849,1
37850,2
37851,2
37852,2
37853,2
37854,2
37855,2
37856,2
37857,2
37858,2
37859,2
37860,2
37861,2
37862,2
37863,2
37864,2
37865,2
37866,2
37867,2
37868,2
37869,2
37870,2
37871,3
37872,2
37873,2
37874,2
37875,2
37876,2
37877,2
37878,2
37879,2
37880,2
37881,1
37882,2
37883,2
37884,1
37885,2
37886,2
37887,1
37888,2
37889,4
37890,2
37891,1
37892,2
37893,2
37894,2
37895,3
37896,1
37897,2
37898,2
37899,2
37900,1
37901,2
37902,2
37903,2
37904,2
37905,1
37906,2
37907,1
37908,2
37909,1
37910,2
37911,2
37912,2
37913,2
37914,2
37915,2
37916,2
37917,2
37918,2
37919,2
37920,3
37921,1
37922,2
37923,2
37924,2
37925,1
37926,1
37927,2
37928,2
37929,1
37930,2
37931,2
37932,2
37933,2
37934,1
37935,2
37936,2
37937,1
37938,2
37939,2
37940,2
37941,2
37942,2
37943,2
37944,2
37945,2
37946,2
37947,1
37948,1
37949,2
37950,2
37951,2
37952,2
37953,2
37954,2
37955,1
37956,1
37957,2
37958,2
37959,1
37960,2
37961,1
37962,2
37963,1
37964,2
37965,1
37966,1
37967,1
37968,1
37969,2
37970,2
37971,2
37972,2
37973,2
37974,2
37975,2
37976,2
37977,2
37978,1
37979,1
37980,1
37981,3
37982,2
37983,2
37984,1
37985,2
37986,2
37987,1
37988,2
37989,1
37990,1
37991,2
37992,1
37993,2
37994,2
37995,2
37996,2
37997,2
37998,2
37999,2
38000,2
38001,2
38002,2
38003,2
38004,2
38005,1
38006,2
38007,2
38008,2
38009,2
38010,2
38011,2
38012,2
38013,2
38014,2
38015,2
38016,2
38017,2
38018,2
38019,2
38020,2
38021,2
38022,2
38023,2
38024,2
38025,2
38026,3
38027,1
38028,2
38029,1
38030,2
38031,2
38032,2
38033,1
38034,1
38035,2
38036,2
38037,1
38038,2
38039,2
38040,2
38041,1
38042,2
38043,2
38044,2
38045,2
38046,1
38047,2
38048,2
38049,2
38050,2
38051,1
38052,1
38053,1
38054,2
38055,2
38056,2
38057,2
38058,2
38059,2
38060,2
38061,2
38062,2
38063,1
38064,1
38065,2
38066,2
38067,1
38068,2
38069,2
38070,2
38071,1
38072,2
38073,1
38074,2
38075,1
38076,2
38077,2
38078,2
38079,2
38080,2
38081,2
38082,2
38083,2
38084,2
38085,2
38086,2
38087,2
38088,2
38089,2
38090,2
38091,2
38092,2
38093,2
38094,2
38095,2
38096,2
38097,2
38098,3
38099,2
38100,1
38101,1
38102,1
38103,1
38104,2
38105,2
38106,2
38107,2
38108,1
38109,2
38110,1
38111,1
38112,1
38113,2
38114,2
38115,2
38116,2
38117,2
38118,1
38119,2
38120,2
38121,2
38122,2
38123,3
38124,2
38125,2
38126,2
38127,2
38128,1
38129,2
38130,2
38131,1
38132,2
38133,2
38134,2
38135,2
38136,2
38137,2
38138,1
38139,2
38140,2
38141,2
38142,2
38143,1
38144,1
38145,2
38146,2
38147,2
38148,2
38149,2
38150,2
38151,1
38152,2
38153,2
38154,1
38155,2
38156,2
38157,2
38158,2
38159,2
38160,2
38161,1
38162,2
38163,1
38164,2
38165,2
38166,2
38167,1
38168,1
38169,2
38170,2
38171,2
38172,2
38173,2
38174,2
38175,2
38176,2
38177,2
38178,3
38179,1
38180,2
38181,2
38182,2
38183,2
38184,2
38185,2
38186,1
38187,2
38188,1
38189,2
38190,2
38191,1
38192,2
38193,2
38194,2
38195,2
38196,2
38197,2
38198,2
38199,2
38200,1
38201,2
38202,2
38203,2
38204,2
38205,2
38206,2
38207,2
38208,2
38209,1
38210,2
38211,2
38212,2
38213,3
38214,1
38215,2
38216,2
38217,2
38218,1
38219,2
38220,2
38221,2
38222,1
38223,2
38224,1
38225,2
38226,1
38227,2
38228,2
38229,2
38230,2
38231,2
38232,2
38233,2
38234,2
38235,2
38236,1
38237,1
38238,2
38239,2
38240,3
38241,2
38242,2
38243,2
38244,2
38245,2
38246,2
38247,3
38248,1
38249,2
38250,2
38251,2
38252,2
38253,2
38254,2
38255,2
38256,2
38257,1
38258,2
38259,2
38260,2
38261,1
38262,1
38263,2
38264,2
38265,2
38266,2
38267,2
38268,1
38269,2
38270,2
38271,1
38272,3
38273,1
38274,2
38275,2
38276,2
38277,1
38278,2
38279,2
38280,2
38281,1
38282,1
38283,1
38284,1
38285,2
38286,2
38287,2
38288,2
38289,2
38290,2
38291,2
38292,2
38293,2
38294,2
38295,2
38296,1
38297,1
38298,2
38299,2
38300,2
38301,1
38302,2
38303,2
38304,1
38305,2
38306,1
38307,1
38308,2
38309,2
38310,2
38311,2
38312,2
38313,2
38314,2
38315,1
38316,2
38317,2
38318,2
38319,2
38320,2
38321,2
38322,2
38323,2
38324,2
38325,1
38326,1
38327,2
38328,1
38329,2
38330,2
38331,2
38332,2
38333,1
38334,1
38335,2
38336,3
38337,1
38338,2
38339,2
38340,2
38341,2
38342,2
38343,2
38344,2
38345,2
38346,1
38347,2
38348,2
38349,1
38350,2
38351,2
38352,2
38353,2
38354,2
38355,2
38356,2
38357,2
38358,1
38359,2
38360,2
38361,2
38362,2
38363,2
38364,2
38365,1
38366,2
38367,2
38368,2
38369,2
38370,2
38371,2
38372,2
38373,2
38374,2
38375,2
38376,2
38377,1
38378,2
38379,2
38380,1
38381,2
38382,2
38383,2
38384,2
38385,2
38386,2
38387,2
38388,2
38389,2
38390,2
38391,2
38392,2
38393,2
38394,2
38395,2
38396,2
38397,2
38398,2
38399,1
38400,1
38401,2
38402,2
38403,2
38404,2
38405,2
38406,2
38407,2
38408,2
38409,2
38410,3
38411,2
38412,2
38413,2
38414,1
38415,1
38416,2
38417,2
38418,2
38419,2
38420,1
38421,2
38422,2
38423,1
38424,1
38425,2
38426,2
38427,2
38428,1
38429,2
38430,1
38431,2
38432,2
38433,2
38434,1
38435,2
38436,2
38437,1
38438,2
38439,2
38440,2
38441,2
38442,1
38443,2
38444,2
38445,2
38446,2
38447,1
38448,1
38449,3
38450,2
38451,2
38452,1
38453,2
38454,2
38455,2
38456,2
38457,2
38458,1
38459,1
38460,2
38461,1
38462,2
38463,1
38464,2
38465,1
38466,2
38467,1
38468,2
38469,2
38470,2
38471,2
38472,2
38473,2
38474,2
38475,2
38476,2
38477,1
38478,2
38479,2
38480,1
38481,2
38482,1
38483,2
38484,2
38485,1
38486,1
38487,1
38488,4
38489,2
38490,2
38491,2
38492,2
38493,1
38494,2
38495,2
38496,2
38497,1
38498,2
38499,2
38500,1
38501,2
38502,2
38503,2
38504,2
38505,2
38506,1
38507,2
38508,2
38509,2
38510,2
38511,2
38512,2
38513,2
38514,1
38515,2
38516,2
38517,2
38518,2
38519,2
38520,1
38521,2
38522,2
38523,2
38524,2
38525,1
38526,2
38527,2
38528,2
38529,2
38530,2
38531,2
38532,3
38533,2
38534,2
38535,2
38536,2
38537,2
38538,2
38539,2
38540,1
38541,2
38542,2
38543,1
38544,2
38545,1
38546,3
38547,2
38548,1
38549,1
38550,2
38551,2
38552,2
38553,1
38554,2
38555,2
38556,2
38557,2
38558,1
38559,2
38560,1
38561,3
38562,2
38563,2
38564,2
38565,2
38566,2
38567,2
38568,1
38569,2
38570,2
38571,2
38572,2
38573,1
38574,2
38575,2
38576,2
38577,1
38578,2
38579,1
38580,2
38581,1
38582,2
38583,2
38584,2
38585,1
38586,2
38587,2
38588,1
38589,2
38590,1
38591,1
38592,2
38593,2
38594,1
38595,2
38596,2
38597,2
38598,2
38599,2
38600,2
38601,1
38602,1
38603,2
38604,2
38605,1
38606,2
38607,2
38608,1
38609,2
38610,2
38611,2
38612,1
38613,2
38614,2
38615,2
38616,2
38617,1
38618,2
38619,2
38620,2
38621,2
38622,2
38623,2
38624,2
38625,2
38626,2
38627,2
38628,1
38629,2
38630,2
38631,2
38632,1
38633,3
38634,2
38635,2
38636,2
38637,2
38638,2
38639,2
38640,2
38641,2
38642,1
38643,2
38644,1
38645,2
38646,2
38647,1
38648,2
38649,2
38650,2
38651,2
38652,2
38653,2
38654,1
38655,2
38656,2
38657,2
38658,2
38659,1
38660,2
38661,2
38662,2
38663,2
38664,1
38665,1
38666,3
38667,1
38668,2
38669,1
38670,1
38671,2
38672,2
38673,2
38674,2
38675,2
38676,2
38677,2
38678,2
38679,2
38680,2
38681,2
38682,2
38683,2
38684,2
38685,1
38686,2
38687,1
38688,2
38689,2
38690,2
38691,2
38692,2
38693,3
38694,2
38695,1
38696,2
38697,2
38698,2
38699,1
38700,2
38701,4
38702,1
38703,2
38704,2
38705,2
38706,2
38707,2
38708,1
38709,1
38710,2
38711,1
38712,3
38713,2
38714,1
38715,2
38716,2
38717,2
38718,2
38719,1
38720,2
38721,2
38722,1
38723,2
38724,2
38725,2
38726,1
38727,2
38728,2
38729,2
38730,2
38731,1
38732,2
38733,2
38734,2
38735,2
38736,2
38737,2
38738,2
38739,1
38740,2
38741,2
38742,2
38743,1
38744,2
38745,1
38746,2
38747,2
38748,2
38749,2
38750,2
38751,2
38752,2
38753,2
38754,1
38755,1
38756,3
38757,2
38758,1
38759,1
38760,1
38761,2
38762,2
38763,3
38764,1
38765,2
38766,1
38767,2
38768,2
38769,1
38770,2
38771,2
38772,1
38773,1
38774,2
38775,2
38776,2
38777,2
38778,2
38779,2
38780,1
38781,2
38782,2
38783,2
38784,1
38785,2
38786,2
38787,2
38788,2
38789,2
38790,2
38791,2
38792,2
38793,2
38794,2
38795,2
38796,2
38797,2
38798,1
38799,2
38800,2
38801,2
38802,1
38803,1
38804,2
38805,2
38806,1
38807,1
38808,2
38809,2
38810,2
38811,2
38812,1
38813,2
38814,2
38815,2
38816,2
38817,2
38818,2
38819,2
38820,2
38821,2
38822,2
38823,2
38824,2
38825,2
38826,2
38827,2
38828,2
38829,1
38830,2
38831,2
38832,1
38833,2
38834,2
38835,2
38836,2
38837,2
38838,2
38839,2
38840,2
38841,2
38842,2
38843,2
38844,2
38845,2
38846,1
38847,2
38848,2
38849,2
38850,2
38851,1
38852,2
38853,2
38854,1
38855,1
38856,2
38857,2
38858,1
38859,2
38860,2
38861,2
38862,1
38863,1
38864,2
38865,2
38866,2
38867,2
38868,2
38869,2
38870,1
38871,1
38872,2
38873,2
38874,2
38875,2
38876,2
38877,2
38878,2
38879,2
38880,2
38881,2
38882,2
38883,2
38884,2
38885,1
38886,2
38887,2
38888,2
38889,1
38890,1
38891,2
38892,2
38893,2
38894,2
38895,2
38896,2
38897,2
38898,2
38899,2
38900,1
38901,2
38902,2
38903,2
38904,2
38905,2
38906,2
38907,2
38908,1
38909,2
38910,1
38911,1
38912,1
38913,2
38914,2
38915,2
38916,2
38917,2
38918,2
38919,2
38920,2
38921,2
38922,2
38923,2
38924,2
38925,2
38926,1
38927,1
38928,2
38929,2
38930,2
38931,2
38932,1
38933,2
38934,2
38935,2
38936,1
38937,2
38938,2
38939,2
38940,2
38941,1
38942,2
38943,2
38944,2
38945,1
38946,1
38947,2
38948,2
38949,2
38950,2
38951,2
38952,2
38953,2
38954,1
38955,2
38956,2
38957,2
38958,2
38959,2
38960,2
38961,2
38962,2
38963,2
38964,2
38965,3
38966,2
38967,2
38968,2
38969,1
38970,2
38971,2
38972,1
38973,2
38974,2
38975,2
38976,2
38977,2
38978,2
38979,3
38980,1
38981,2
38982,2
38983,1
38984,2
38985,1
38986,1
38987,1
38988,2
38989,1
38990,2
38991,2
38992,2
38993,2
38994,2
38995,2
38996,2
38997,1
38998,2
38999,1
39000,2
39001,2
39002,1
39003,2
39004,2
39005,2
39006,1
39007,2
39008,2
39009,2
39010,1
39011,2
39012,1
39013,2
39014,1
39015,2
39016,2
39017,2
39018,2
39019,2
39020,2
39021,2
39022,2
39023,2
39024,1
39025,2
39026,2
39027,2
39028,1
39029,2
39030,1
39031,2
39032,2
39033,2
39034,2
39035,2
39036,3
39037,2
39038,2
39039,2
39040,1
39041,2
39042,2
39043,2
39044,2
39045,2
39046,2
39047,2
39048,2
39049,1
39050,2
39051,2
39052,2
39053,2
39054,2
39055,1
39056,2
39057,3
39058,2
39059,2
39060,2
39061,2
39062,2
39063,2
39064,2
39065,2
39066,2
39067,2
39068,1
39069,2
39070,1
39071,2
39072,2
39073,2
39074,2
39075,2
39076,2
39077,2
39078,2
39079,1
39080,2
39081,2
39082,2
39083,2
39084,2
39085,1
39086,1
39087,2
39088,2
39089,2
39090,2
39091,2
39092,2
39093,2
39094,1
39095,1
39096,2
39097,2
39098,2
39099,2
39100,2
39101,2
39102,2
39103,2
39104,1
39105,2
39106,2
39107,2
39108,2
39109,2
39110,2
39111,2
39112,2
39113,2
39114,2
39115,2
39116,2
39117,2
39118,2
39119,2
39120,2
39121,2
39122,2
39123,2
39124,2
39125,2
39126,2
39127,2
39128,2
39129,2
39130,2
39131,2
39132,2
39133,2
39134,2
39135,1
39136,2
39137,2
39138,2
39139,2
39140,2
39141,2
39142,2
39143,2
39144,2
39145,2
39146,2
39147,2
39148,2
39149,2
39150,1
39151,2
39152,2
39153,2
39154,1
39155,1
39156,2
39157,1
39158,2
39159,2
39160,1
39161,2
39162,2
39163,1
39164,1
39165,1
39166,2
39167,2
39168,1
39169,2
39170,2
39171,2
39172,2
39173,2
39174,1
39175,2
39176,2
39177,1
39178,1
39179,2
39180,2
39181,2
39182,1
39183,2
39184,2
39185,2
39186,1
39187,2
39188,2
39189,1
39190,2
39191,2
39192,2
39193,2
39194,2
39195,2
39196,2
39197,1
39198,2
39199,2
39200,2
39201,2
39202,2
39203,2
39204,2
39205,2
39206,1
39207,2
39208,2
39209,2
39210,2
39211,2
39212,1
39213,1
39214,2
39215,2
39216,1
39217,3
39218,2
39219,1
39220,2
39221,2
39222,2
39223,2
39224,2
39225,2
39226,2
39227,2
39228,1
39229,2
39230,2
39231,2
39232,2
39233,2
39234,2
39235,2
39236,2
39237,1
39238,2
39239,2
39240,1
39241,2
39242,2
39243,1
39244,2
39245,2
39246,1
39247,2
39248,2
39249,2
39250,2
39251,2
39252,1
39253,2
39254,2
39255,1
39256,2
39257,1
39258,2
39259,2
39260,2
39261,2
39262,2
39263,1
39264,1
39265,2
39266,2
39267,2
39268,2
39269,2
39270,2
39271,2
39272,1
39273,2
39274,1
39275,2
39276,3
39277,3
39278,2
39279,2
39280,2
39281,2
39282,1
39283,2
39284,2
39285,2
39286,2
39287,2
39288,1
39289,2
39290,2
39291,2
39292,1
39293,2
39294,3
39295,2
39296,2
39297,2
39298,2
39299,2
39300,2
39301,2
39302,2
39303,2
39304,2
39305,3
39306,2
39307,2
39308,1
39309,2
39310,2
39311,2
39312,2
39313,2
39314,2
39315,2
39316,2
39317,1
39318,2
39319,2
39320,2
39321,2
39322,2
39323,2
39324,2
39325,2
39326,2
39327,2
39328,2
39329,2
39330,2
39331,4
39332,2
39333,2
39334,2
39335,2
39336,1
39337,4
39338,2
39339,1
39340,2
39341,2
39342,1
39343,3
39344,2
39345,1
39346,2
39347,1
39348,2
39349,2
39350,2
39351,2
39352,3
39353,2
39354,2
39355,2
39356,1
39357,2
39358,2
39359,2
39360,2
39361,2
39362,2
39363,1
39364,1
39365,2
39366,2
39367,2
39368,2
39369,2
39370,1
39371,2
39372,2
39373,2
39374,2
39375,2
39376,2
39377,2
39378,2
39379,1
39380,2
39381,2
39382,2
39383,1
39384,1
39385,2
39386,2
39387,2
39388,2
39389,1
39390,2
39391,1
39392,2
39393,2
39394,2
39395,1
39396,2
39397,2
39398,2
39399,2
39400,2
39401,2
39402,2
39403,2
39404,2
39405,1
39406,2
39407,1
39408,2
39409,3
39410,2
39411,2
39412,2
39413,2
39414,2
39415,2
39416,2
39417,2
39418,2
39419,1
39420,1
39421,2
39422,1
39423,2
39424,2
39425,2
39426,2
39427,1
39428,1
39429,2
39430,1
39431,2
39432,2
39433,1
39434,2
39435,2
39436,1
39437,2
39438,1
39439,2
39440,2
39441,2
39442,2
39443,1
39444,3
39445,2
39446,2
39447,2
39448,2
39449,2
39450,2
39451,1
39452,2
39453,1
39454,2
39455,2
39456,1
39457,1
39458,2
39459,2
39460,2
39461,2
39462,2
39463,2
39464,2
39465,2
39466,1
39467,1
39468,2
39469,2
39470,2
39471,2
39472,2
39473,3
39474,1
39475,2
39476,2
39477,2
39478,1
39479,2
39480,2
39481,2
39482,2
39483,2
39484,2
39485,2
39486,1
39487,3
39488,2
39489,2
39490,2
39491,2
39492,1
39493,2
39494,2
39495,2
39496,3
39497,2
39498,2
39499,3
39500,1
39501,1
39502,1
39503,2
39504,2
39505,2
39506,2
39507,2
39508,1
39509,2
39510,1
39511,2
39512,2
39513,2
39514,1
39515,1
39516,2
39517,2
39518,2
39519,2
39520,1
39521,2
39522,2
39523,3
39524,1
39525,2
39526,2
39527,1
39528,1
39529,2
39530,1
39531,2
39532,2
39533,2
39534,2
39535,2
39536,2
39537,2
39538,2
39539,2
39540,1
39541,2
39542,2
39543,2
39544,2
39545,1
39546,2
39547,2
39548,2
39549,2
39550,2
39551,2
39552,2
39553,1
39554,2
39555,2
39556,2
39557,1
39558,2
39559,2
39560,2
39561,2
39562,2
39563,2
39564,2
39565,1
39566,1
39567,2
39568,2
39569,1
39570,2
39571,2
39572,2
39573,2
39574,2
39575,1
39576,2
39577,2
39578,2
39579,2
39580,2
39581,2
39582,2
39583,2
39584,1
39585,2
39586,2
39587,2
39588,2
39589,1
39590,2
39591,2
39592,2
39593,2
39594,2
39595,2
39596,2
39597,2
39598,2
39599,2
39600,2
39601,2
39602,1
39603,1
39604,2
39605,1
39606,1
39607,2
39608,2
39609,2
39610,2
39611,1
39612,2
39613,2
39614,2
39615,1
39616,2
39617,2
39618,2
39619,2
39620,2
39621,2
39622,1
39623,2
39624,2
39625,2
39626,2
39627,1
39628,2
39629,2
39630,2
39631,2
39632,2
39633,2
39634,2
39635,2
39636,1
39637,2
39638,2
39639,1
39640,1
39641,2
39642,2
39643,2
39644,1
